TheTime,CH1,CH2,CH3,CH6,CH7
43100.00022013,0.3355890,0.03553808,0.3721378,0.04138605,0.3816514
43100.00033587,0.3355890,0.03553808,0.3670686,0.04437608,0.3804554
43100.00045143,0.3305197,0.03553808,0.3619994,0.04198405,0.3780634
43100.00056713,0.3305197,0.04060183,0.3670686,0.04617009,0.3756714
43100.00068287,0.3305197,0.04566557,0.3721378,0.04557209,0.3702893
43100.00079876,0.3305197,0.04566557,0.3670686,0.04318007,0.3637113
43100.00091435,0.3305197,0.03553808,0.3619994,0.04736611,0.3559372
43100.00103024,0.3406582,0.03553808,0.3670686,0.04736611,0.3451731
43100.00114598,0.3305197,0.03553808,0.3670686,0.04557209,0.3379970
43100.00126172,0.3305197,0.03553808,0.3670686,0.04497408,0.3314189
43100.00137732,0.3305197,0.04060183,0.3721378,0.04497408,0.3260369
43100.00149309,0.3355890,0.04060183,0.3721378,0.04497408,0.3260369
43100.00160880,0.3355890,0.04566557,0.3721378,0.04318007,0.3254389
43100.00172457,0.3305197,0.04060183,0.3670686,0.04318007,0.3260369
43100.00184028,0.3305197,0.03553808,0.3619994,0.04916012,0.3254389
43100.00195616,0.3305197,0.03553808,0.3670686,0.04617009,0.3236449
43100.00207176,0.3355890,0.04060183,0.3721378,0.04437608,0.3242429
43100.00218750,0.3305197,0.03553808,0.3619994,0.04676810,0.3254389
43100.00230324,0.3305197,0.03047434,0.3619994,0.04676810,0.3302229
43100.00241898,0.3355890,0.03047434,0.3619994,0.04676810,0.3338110
43100.00253486,0.3254505,0.04060183,0.3619994,0.04437608,0.3415850
43100.00265060,0.3203812,0.04566557,0.3670686,0.04557209,0.3487611
43100.00276634,0.3254505,0.04060183,0.3670686,0.04377807,0.3541432
43100.00288208,0.3305197,0.04060183,0.3670686,0.04617009,0.3553392
43100.00299782,0.3305197,0.04060183,0.3619994,0.04437608,0.3577312
43100.00311345,0.3305197,0.03553808,0.3670686,0.04437608,0.3577312
43100.00322917,0.3355890,0.03047434,0.3670686,0.04557209,0.3595252
43100.00334493,0.3355890,0.03553808,0.3619994,0.04377807,0.3696913
43100.00346078,0.3305197,0.03553808,0.3670686,0.04377807,0.3738774
43100.00357641,0.3305197,0.04060183,0.3670686,0.04437608,0.3738774
43100.00369226,0.3305197,0.03553808,0.3721378,0.04377807,0.3702893
43100.00380800,0.3406582,0.03047434,0.3721378,0.04318007,0.3619172
43100.00392363,0.3355890,0.03553808,0.3670686,0.04497408,0.3535452
43100.00403935,0.3355890,0.04060183,0.3670686,0.04736611,0.3433791
43100.00415511,0.3305197,0.03047434,0.3619994,0.04856212,0.3379970
43100.00427083,0.3305197,0.03553808,0.3670686,0.04856212,0.3278309
43100.00438659,0.3355890,0.04060183,0.3670686,0.04736611,0.3218508
43100.00450244,0.3305197,0.03553808,0.3670686,0.04796411,0.3158708
43100.00461806,0.3355890,0.03047434,0.3670686,0.04557209,0.3134788
43100.00473392,0.3355890,0.03553808,0.3670686,0.04736611,0.3152728
43100.00484966,0.3406582,0.04060183,0.3721378,0.04676810,0.3224488
43100.00496529,0.3305197,0.04060183,0.3721378,0.04497408,0.3338110
43100.00508114,0.3305197,0.04060183,0.3721378,0.04138605,0.3451731
43100.00519677,0.3406582,0.03047434,0.3670686,0.04198405,0.3613192
43100.00531251,0.3305197,0.03553808,0.3619994,0.04437608,0.3738774
43100.00542836,0.3305197,0.03553808,0.3721378,0.04258206,0.3774654
43100.00554399,0.3305197,0.04060183,0.3670686,0.04437608,0.3750734
43100.00565984,0.3305197,0.04060183,0.3670686,0.04617009,0.3714853
43100.00577547,0.3355890,0.03553808,0.3670686,0.04557209,0.3684953
43100.00589132,0.3305197,0.04060183,0.3670686,0.04497408,0.3672993
43100.00600695,0.3355890,0.03553808,0.3619994,0.04557209,0.3696913
43100.00612280,0.3355890,0.03047434,0.3619994,0.04497408,0.3720833
43100.00623854,0.3305197,0.03553808,0.3619994,0.04198405,0.3744754
43100.00635417,0.3305197,0.03553808,0.3670686,0.04437608,0.3738774
43100.00647002,0.3254505,0.03553808,0.3721378,0.04617009,0.3678973
43100.00658565,0.3305197,0.03047434,0.3619994,0.04676810,0.3619172
43100.00670150,0.3355890,0.03047434,0.3619994,0.04617009,0.3559372
43100.00681713,0.3305197,0.03047434,0.3670686,0.04497408,0.3475651
43100.00693298,0.3355890,0.03553808,0.3670686,0.04856212,0.3356050
43100.00704872,0.3355890,0.03553808,0.3619994,0.04916012,0.3284289
43100.00716446,0.3355890,0.03047434,0.3619994,0.04736611,0.3212528
43100.00728020,0.3406582,0.03047434,0.3619994,0.04916012,0.3152728
43100.00739583,0.3305197,0.03553808,0.3619994,0.04736611,0.3134788
43100.00751168,0.3305197,0.03553808,0.3619994,0.04796411,0.3134788
43100.00762732,0.3305197,0.03553808,0.3670686,0.04676810,0.3152728
43100.00774316,0.3355890,0.03553808,0.3670686,0.04796411,0.3218508
43100.00785890,0.3305197,0.03553808,0.3670686,0.04676810,0.3284289
43100.00797454,0.3305197,0.04566557,0.3670686,0.04497408,0.3344090
43100.00809038,0.3305197,0.04060183,0.3670686,0.04617009,0.3397910
43100.00820602,0.3305197,0.03553808,0.3670686,0.04617009,0.3433791
43100.00832186,0.3305197,0.03047434,0.3619994,0.04497408,0.3475651
43100.00843750,0.3305197,0.03553808,0.3619994,0.04796411,0.3541432
43100.00855334,0.3355890,0.03047434,0.3670686,0.04676810,0.3601232
43100.00866908,0.3355890,0.03553808,0.3670686,0.04377807,0.3678973
43100.00878472,0.3305197,0.03553808,0.3670686,0.04377807,0.3720833
43100.00890056,0.3305197,0.04060183,0.3670686,0.04617009,0.3738774
43100.00901620,0.3355890,0.03553808,0.3670686,0.04736611,0.3756714
43100.00913204,0.3305197,0.03553808,0.3670686,0.04377807,0.3750734
43100.00924769,0.3305197,0.03553808,0.3670686,0.04318007,0.3750734
43100.00936352,0.3254505,0.04060183,0.3619994,0.04258206,0.3720833
43100.00947926,0.3305197,0.03553808,0.3619994,0.04497408,0.3655053
43100.00959500,0.3355890,0.03553808,0.3670686,0.04676810,0.3637113
43100.00971074,0.3355890,0.03553808,0.3670686,0.04557209,0.3678973
43100.00982639,0.3355890,0.03047434,0.3619994,0.04617009,0.3780634
43100.00994222,0.3305197,0.03553808,0.3619994,0.04736611,0.3882295
43100.01005787,0.3355890,0.03047434,0.3619994,0.04617009,0.3918175
43100.01017370,0.3305197,0.03047434,0.3670686,0.04497408,0.3894255
43100.01028944,0.3305197,0.03553808,0.3619994,0.04617009,0.3816514
43100.01040509,0.3305197,0.03553808,0.3670686,0.04796411,0.3732793
43100.01052092,0.3305197,0.03047434,0.3619994,0.04736611,0.3661033
43100.01063658,0.3355890,0.03047434,0.3619994,0.04736611,0.3577312
43100.01075240,0.3305197,0.04060183,0.3619994,0.04676810,0.3493591
43100.01086806,0.3254505,0.04566557,0.3670686,0.04557209,0.3439771
43100.01098388,0.3254505,0.04060183,0.3670686,0.04557209,0.3397910
43100.01109962,0.3254505,0.04060183,0.3619994,0.04557209,0.3385950
43100.01121528,0.3305197,0.03553808,0.3569302,0.04497408,0.3385950
43100.01133110,0.3305197,0.03553808,0.3569302,0.04377807,0.3391930
43100.01144676,0.3355890,0.03553808,0.3619994,0.04377807,0.3433791
43100.01156258,0.3254505,0.04566557,0.3670686,0.04377807,0.3499571
43100.01167824,0.3254505,0.04566557,0.3721378,0.04318007,0.3541432
43100.01179406,0.3254505,0.04060183,0.3721378,0.04198405,0.3589272
43100.01190980,0.3305197,0.04060183,0.3670686,0.04377807,0.3655053
43100.01202554,0.3305197,0.03553808,0.3619994,0.04437608,0.3696913
43100.01214128,0.3305197,0.04060183,0.3670686,0.04437608,0.3726813
43100.01225695,0.3254505,0.04566557,0.3721378,0.04377807,0.3714853
43100.01237276,0.3254505,0.04060183,0.3670686,0.04258206,0.3678973
43100.01248843,0.3254505,0.03553808,0.3619994,0.04437608,0.3613192
43100.01260424,0.3254505,0.03553808,0.3619994,0.04437608,0.3577312
43100.01271998,0.3305197,0.04060183,0.3670686,0.04557209,0.3595252
43100.01283565,0.3305197,0.04060183,0.3721378,0.04318007,0.3637113
43100.01295146,0.3305197,0.03553808,0.3721378,0.04377807,0.3702893
43100.01306713,0.3305197,0.04060183,0.3721378,0.04258206,0.3780634
43100.01318294,0.3305197,0.04060183,0.3721378,0.04318007,0.3858375
43100.01329861,0.3254505,0.04060183,0.3721378,0.04258206,0.3918175
43100.01341442,0.3305197,0.04060183,0.3721378,0.04437608,0.4019836
43100.01353016,0.3305197,0.03553808,0.3670686,0.04318007,0.4097577
43100.01364583,0.3305197,0.04060183,0.3619994,0.04258206,0.4139438
43100.01376164,0.3254505,0.04060183,0.3721378,0.04138605,0.4133457
43100.01387732,0.3305197,0.04566557,0.3721378,0.04138605,0.4121497
43100.01399312,0.3305197,0.04060183,0.3721378,0.04138605,0.4097577
43100.01410880,0.3305197,0.04060183,0.3721378,0.04497408,0.4037777
43100.01422460,0.3355890,0.04060183,0.3670686,0.04497408,0.3918175
43100.01434034,0.3305197,0.03553808,0.3619994,0.04557209,0.3840435
43100.01445608,0.3254505,0.04060183,0.3670686,0.04736611,0.3756714
43100.01457182,0.3355890,0.03553808,0.3670686,0.04557209,0.3702893
43100.01468750,0.3355890,0.03553808,0.3670686,0.04676810,0.3720833
43100.01480330,0.3355890,0.03047434,0.3619994,0.04497408,0.3750734
43100.01491904,0.3305197,0.03047434,0.3619994,0.04557209,0.3822494
43100.01503472,0.3305197,0.03553808,0.3619994,0.04617009,0.3840435
43100.01515046,0.3254505,0.04060183,0.3619994,0.04318007,0.3840435
43100.01526620,0.3254505,0.04060183,0.3670686,0.04437608,0.3834455
43100.01538195,0.3305197,0.03553808,0.3619994,0.04676810,0.3774654
43100.01549769,0.3305197,0.04060183,0.3670686,0.04617009,0.3744754
43100.01561343,0.3305197,0.04060183,0.3670686,0.04676810,0.3714853
43100.01572922,0.3305197,0.04060183,0.3670686,0.04437608,0.3678973
43100.01584491,0.3355890,0.03553808,0.3670686,0.04377807,0.3678973
43100.01596065,0.3355890,0.03047434,0.3670686,0.04497408,0.3696913
43100.01607639,0.3305197,0.03553808,0.3670686,0.04437608,0.3720833
43100.01619213,0.3305197,0.04060183,0.3721378,0.04557209,0.3720833
43100.01630792,0.3305197,0.04060183,0.3721378,0.04676810,0.3720833
43100.01642361,0.3254505,0.04566557,0.3670686,0.04617009,0.3738774
43100.01653940,0.3203812,0.04566557,0.3670686,0.04497408,0.3714853
43100.01665509,0.3305197,0.04060183,0.3670686,0.04318007,0.3702893
43100.01677083,0.3305197,0.04060183,0.3619994,0.04318007,0.3637113
43100.01688662,0.3355890,0.03553808,0.3670686,0.04557209,0.3571332
43100.01700232,0.3305197,0.03047434,0.3670686,0.04557209,0.3517511
43100.01711806,0.3305197,0.03047434,0.3619994,0.04078804,0.3499571
43100.01723380,0.3305197,0.03553808,0.3619994,0.04497408,0.3493591
43100.01734958,0.3355890,0.03553808,0.3670686,0.04617009,0.3511531
43100.01746528,0.3355890,0.03553808,0.3670686,0.04497408,0.3535452
43100.01758102,0.3305197,0.03553808,0.3670686,0.04557209,0.3517511
43100.01769676,0.3305197,0.04060183,0.3619994,0.04497408,0.3469671
43100.01781250,0.3254505,0.04060183,0.3670686,0.04617009,0.3439771
43100.01792828,0.3254505,0.04060183,0.3670686,0.04557209,0.3415850
43100.01804398,0.3305197,0.04060183,0.3721378,0.04676810,0.3433791
43100.01815983,0.3355890,0.04060183,0.3721378,0.04676810,0.3439771
43100.01827568,0.3305197,0.03553808,0.3619994,0.04676810,0.3421830
43100.01839124,0.3305197,0.03553808,0.3670686,0.04676810,0.3379970
43100.01850705,0.3305197,0.04060183,0.3670686,0.04736611,0.3356050
43100.01862290,0.3305197,0.03553808,0.3721378,0.04437608,0.3356050
43100.01873846,0.3305197,0.03553808,0.3619994,0.04437608,0.3415850
43100.01885438,0.3355890,0.03553808,0.3670686,0.04377807,0.3499571
43100.01896994,0.3355890,0.04060183,0.3721378,0.04198405,0.3559372
43100.01908587,0.3355890,0.03553808,0.3670686,0.04019004,0.3637113
43100.01920161,0.3305197,0.04566557,0.3670686,0.03959203,0.3696913
43100.01931716,0.3254505,0.04060183,0.3670686,0.04198405,0.3720833
43100.01943297,0.3305197,0.03553808,0.3569302,0.04377807,0.3696913
43100.01954872,0.3305197,0.03553808,0.3670686,0.04377807,0.3613192
43100.01966457,0.3355890,0.04060183,0.3670686,0.04497408,0.3499571
43100.01978012,0.3355890,0.03553808,0.3670686,0.04318007,0.3397910
43100.01989605,0.3305197,0.03553808,0.3721378,0.04198405,0.3332130
43100.02001179,0.3305197,0.04060183,0.3721378,0.04258206,0.3320169
43100.02012734,0.3305197,0.04060183,0.3670686,0.04318007,0.3356050
43100.02024327,0.3305197,0.04566557,0.3721378,0.04138605,0.3421830
43100.02035882,0.3355890,0.04566557,0.3721378,0.04138605,0.3493591
43100.02047475,0.3355890,0.03553808,0.3721378,0.03959203,0.3583292
43100.02059030,0.3305197,0.04060183,0.3721378,0.04258206,0.3655053
43100.02070623,0.3305197,0.04566557,0.3721378,0.04019004,0.3684953
43100.02082197,0.3305197,0.04060183,0.3721378,0.04138605,0.3696913
43100.02093760,0.3305197,0.04060183,0.3721378,0.04258206,0.3690933
43100.02105345,0.3355890,0.03553808,0.3721378,0.04198405,0.3696913
43100.02116901,0.3305197,0.04060183,0.3670686,0.03959203,0.3696913
43100.02128475,0.3355890,0.04060183,0.3721378,0.04138605,0.3720833
43100.02140057,0.3355890,0.03553808,0.3721378,0.04198405,0.3720833
43100.02151620,0.3406582,0.03553808,0.3619994,0.04377807,0.3714853
43100.02163205,0.3406582,0.03047434,0.3670686,0.04198405,0.3720833
43100.02174779,0.3355890,0.03553808,0.3721378,0.04377807,0.3678973
43100.02186343,0.3305197,0.04566557,0.3721378,0.04437608,0.3613192
43100.02197917,0.3305197,0.05072932,0.3822762,0.04377807,0.3553392
43100.02209501,0.3305197,0.04566557,0.3772070,0.04258206,0.3493591
43100.02221065,0.3305197,0.04060183,0.3721378,0.04557209,0.3421830
43100.02232649,0.3254505,0.05072932,0.3721378,0.04497408,0.3379970
43100.02244213,0.3305197,0.05072932,0.3772070,0.04736611,0.3338110
43100.02255797,0.3355890,0.04060183,0.3772070,0.04557209,0.3314189
43100.02267371,0.3305197,0.04566557,0.3721378,0.04676810,0.3260369
43100.02278935,0.3305197,0.04060183,0.3721378,0.04676810,0.3254389
43100.02290519,0.3305197,0.03553808,0.3670686,0.04617009,0.3278309
43100.02302083,0.3305197,0.03553808,0.3670686,0.04557209,0.3320169
43100.02313667,0.3355890,0.03553808,0.3721378,0.04318007,0.3409870
43100.02325241,0.3406582,0.04060183,0.3721378,0.04676810,0.3517511
43100.02336815,0.3305197,0.03553808,0.3670686,0.04437608,0.3643093
43100.02348389,0.3305197,0.04566557,0.3721378,0.04377807,0.3720833
43100.02359954,0.3305197,0.04060183,0.3772070,0.04318007,0.3780634
43100.02371537,0.3305197,0.04060183,0.3670686,0.04377807,0.3798574
43100.02383102,0.3305197,0.03047434,0.3670686,0.04617009,0.3738774
43100.02394676,0.3355890,0.03553808,0.3721378,0.04676810,0.3661033
43100.02406259,0.3305197,0.04060183,0.3772070,0.04557209,0.3535452
43100.02417833,0.3305197,0.04566557,0.3721378,0.04736611,0.3457711
43100.02429407,0.3305197,0.03553808,0.3670686,0.04676810,0.3415850
43100.02440972,0.3305197,0.03553808,0.3670686,0.04557209,0.3439771
43100.02452555,0.3254505,0.04060183,0.3670686,0.04856212,0.3493591
43100.02464120,0.3305197,0.04060183,0.3721378,0.04916012,0.3535452
43100.02475703,0.3305197,0.03553808,0.3721378,0.04796411,0.3553392
43100.02487277,0.3305197,0.04060183,0.3670686,0.04796411,0.3553392
43100.02498851,0.3305197,0.04060183,0.3670686,0.04796411,0.3535452
43100.02510425,0.3305197,0.04060183,0.3670686,0.04796411,0.3499571
43100.02521999,0.3305197,0.04060183,0.3619994,0.04796411,0.3451731
43100.02533573,0.3305197,0.04566557,0.3670686,0.04676810,0.3439771
43100.02545139,0.3355890,0.03553808,0.3670686,0.04557209,0.3451731
43100.02556721,0.3406582,0.03553808,0.3721378,0.04617009,0.3511531
43100.02568295,0.3355890,0.03553808,0.3670686,0.04497408,0.3613192
43100.02579869,0.3305197,0.04060183,0.3670686,0.04377807,0.3720833
43100.02591443,0.3305197,0.04060183,0.3721378,0.04318007,0.3774654
43100.02603017,0.3305197,0.03553808,0.3670686,0.04377807,0.3774654
43100.02614591,0.3305197,0.03553808,0.3619994,0.04138605,0.3756714
43100.02626158,0.3305197,0.03553808,0.3619994,0.04019004,0.3738774
43100.02637732,0.3355890,0.03553808,0.3619994,0.04019004,0.3738774
43100.02649313,0.3355890,0.03047434,0.3619994,0.04258206,0.3732793
43100.02660887,0.3355890,0.02541059,0.3619994,0.04198405,0.3720833
43100.02672461,0.3355890,0.03047434,0.3670686,0.04198405,0.3684953
43100.02684028,0.3355890,0.03553808,0.3670686,0.04138605,0.3661033
43100.02695602,0.3355890,0.03553808,0.3670686,0.04198405,0.3661033
43100.02707176,0.3355890,0.04060183,0.3721378,0.03720001,0.3678973
43100.02718757,0.3254505,0.03553808,0.3619994,0.04258206,0.3714853
43100.02730331,0.3305197,0.03553808,0.3619994,0.04497408,0.3774654
43100.02741905,0.3355890,0.03553808,0.3670686,0.04258206,0.3798574
43100.02753479,0.3305197,0.03553808,0.3721378,0.04377807,0.3786614
43100.02765046,0.3406582,0.03047434,0.3721378,0.04437608,0.3756714
43100.02776627,0.3406582,0.03047434,0.3670686,0.04437608,0.3678973
43100.02788195,0.3305197,0.03553808,0.3670686,0.04557209,0.3595252
43100.02799775,0.3305197,0.03553808,0.3619994,0.04497408,0.3511531
43100.02811349,0.3355890,0.03553808,0.3670686,0.04437608,0.3451731
43100.02822923,0.3305197,0.03047434,0.3670686,0.04258206,0.3391930
43100.02834497,0.3305197,0.04060183,0.3721378,0.04258206,0.3385950
43100.02846065,0.3305197,0.04060183,0.3772070,0.04318007,0.3344090
43100.02857645,0.3305197,0.04566557,0.3772070,0.04437608,0.3302229
43100.02869213,0.3305197,0.03553808,0.3670686,0.04617009,0.3218508
43100.02880793,0.3305197,0.03553808,0.3721378,0.04617009,0.3134788
43100.02892367,0.3355890,0.03553808,0.3670686,0.04377807,0.3116847
43100.02903935,0.3305197,0.03047434,0.3670686,0.04736611,0.3116847
43100.02915509,0.3355890,0.04060183,0.3721378,0.04557209,0.3134788
43100.02927083,0.3305197,0.04566557,0.3721378,0.04437608,0.3182628
43100.02938663,0.3305197,0.04566557,0.3822762,0.04258206,0.3218508
43100.02950232,0.3254505,0.05072932,0.3772070,0.04318007,0.3242429
43100.02961811,0.3305197,0.04566557,0.3772070,0.04198405,0.3284289
43100.02973385,0.3254505,0.04566557,0.3721378,0.04258206,0.3314189
43100.02984959,0.3254505,0.04060183,0.3670686,0.04258206,0.3356050
43100.02996533,0.3305197,0.03553808,0.3670686,0.04497408,0.3403890
43100.03008107,0.3355890,0.04060183,0.3670686,0.04377807,0.3421830
43100.03019681,0.3355890,0.03553808,0.3670686,0.04497408,0.3433791
43100.03031250,0.3305197,0.04060183,0.3721378,0.04377807,0.3415850
43100.03042829,0.3305197,0.04060183,0.3721378,0.04377807,0.3379970
43100.03054398,0.3305197,0.04060183,0.3721378,0.04377807,0.3338110
43100.03065977,0.3305197,0.03553808,0.3670686,0.04437608,0.3314189
43100.03077552,0.3305197,0.04060183,0.3670686,0.04258206,0.3338110
43100.03089120,0.3305197,0.04060183,0.3670686,0.04557209,0.3356050
43100.03100699,0.3355890,0.04060183,0.3721378,0.04437608,0.3356050
43100.03112274,0.3406582,0.03047434,0.3670686,0.04318007,0.3379970
43100.03123848,0.3355890,0.03047434,0.3619994,0.04318007,0.3397910
43100.03135422,0.3406582,0.03047434,0.3670686,0.04198405,0.3397910
43100.03146996,0.3355890,0.03047434,0.3619994,0.04497408,0.3403890
43100.03158570,0.3355890,0.03047434,0.3670686,0.04318007,0.3397910
43100.03170139,0.3355890,0.02541059,0.3619994,0.04437608,0.3379970
43100.03181718,0.3355890,0.03553808,0.3670686,0.04258206,0.3403890
43100.03193287,0.3355890,0.04060183,0.3721378,0.04318007,0.3415850
43100.03204861,0.3355890,0.04060183,0.3670686,0.04617009,0.3439771
43100.03216440,0.3305197,0.04060183,0.3721378,0.04557209,0.3469671
43100.03228009,0.3305197,0.04060183,0.3721378,0.04437608,0.3475651
43100.03239606,0.3305197,0.03553808,0.3619994,0.06291426,0.3511531
43100.03251180,0.3305197,0.04060183,0.3670686,0.04437608,0.3517511
43100.03262736,0.3305197,0.04060183,0.3670686,0.04676810,0.3499571
43100.03274328,0.3305197,0.04060183,0.3721378,0.04736611,0.3493591
43100.03285884,0.3305197,0.04566557,0.3772070,0.04557209,0.3469671
43100.03297476,0.3305197,0.04566557,0.3721378,0.04497408,0.3493591
43100.03309032,0.3305197,0.04566557,0.3721378,0.04258206,0.3559372
43100.03320606,0.3305197,0.05072932,0.3721378,0.04318007,0.3637113
43100.03332198,0.3254505,0.04566557,0.3670686,0.04258206,0.3696913
43100.03343754,0.3305197,0.04566557,0.3721378,0.04198405,0.3702893
43100.03355335,0.3305197,0.04060183,0.3670686,0.04497408,0.3655053
43100.03366902,0.3254505,0.03553808,0.3670686,0.04258206,0.3535452
43100.03378476,0.3305197,0.04060183,0.3670686,0.04377807,0.3433791
43100.03390050,0.3305197,0.04566557,0.3721378,0.04497408,0.3356050
43100.03401624,0.3305197,0.04060183,0.3721378,0.04557209,0.3302229
43100.03413216,0.3355890,0.04060183,0.3772070,0.04437608,0.3296249
43100.03424772,0.3305197,0.04566557,0.3772070,0.04198405,0.3320169
43100.03436364,0.3305197,0.04060183,0.3670686,0.04377807,0.3338110
43100.03447938,0.3305197,0.03047434,0.3619994,0.04736611,0.3356050
43100.03459494,0.3355890,0.03047434,0.3670686,0.04437608,0.3344090
43100.03471068,0.3355890,0.03553808,0.3670686,0.04437608,0.3284289
43100.03482642,0.3254505,0.04060183,0.3670686,0.04318007,0.3218508
43100.03494234,0.3355890,0.04060183,0.3721378,0.04617009,0.3158708
43100.03505808,0.3406582,0.03553808,0.3721378,0.04617009,0.3122827
43100.03517371,0.3355890,0.03553808,0.3721378,0.04617009,0.3074987
43100.03528938,0.3305197,0.04060183,0.3721378,0.04736611,0.3074987
43100.03540512,0.3355890,0.04060183,0.3772070,0.04437608,0.3116847
43100.03552086,0.3355890,0.03553808,0.3721378,0.04497408,0.3176648
43100.03563660,0.3355890,0.03553808,0.3721378,0.04497408,0.3218508
43100.03575252,0.3355890,0.03553808,0.3670686,0.04437608,0.3254389
43100.03586808,0.3305197,0.03047434,0.3670686,0.04318007,0.3278309
43100.03598382,0.3305197,0.03553808,0.3721378,0.04318007,0.3290269
43100.03609956,0.3355890,0.04566557,0.3721378,0.04198405,0.3338110
43100.03621530,0.3305197,0.04060183,0.3721378,0.04437608,0.3415850
43100.03633104,0.3355890,0.04060183,0.3670686,0.03839602,0.3433791
43100.03644696,0.3355890,0.04060183,0.3721378,0.04019004,0.3445751
43100.03656270,0.3355890,0.04060183,0.3721378,0.04377807,0.3415850
43100.03667826,0.3355890,0.04060183,0.3670686,0.04557209,0.3397910
43100.03679418,0.3305197,0.03553808,0.3670686,0.04198405,0.3403890
43100.03690974,0.3305197,0.04060183,0.3721378,0.04198405,0.3403890
43100.03702548,0.3355890,0.03553808,0.3721378,0.04377807,0.3415850
43100.03714122,0.3457275,0.03553808,0.3721378,0.04377807,0.3451731
43100.03725714,0.3406582,0.03553808,0.3721378,0.04377807,0.3517511
43100.03737288,0.3355890,0.04060183,0.3670686,0.04497408,0.3583292
43100.03748862,0.3355890,0.03553808,0.3619994,0.04138605,0.3631132
43100.03760425,0.3406582,0.02541059,0.3670686,0.04078804,0.3678973
43100.03771992,0.3355890,0.03047434,0.3619994,0.03959203,0.3702893
43100.03783566,0.3355890,0.03047434,0.3670686,0.04019004,0.3720833
43100.03795140,0.3355890,0.03553808,0.3670686,0.04138605,0.3732793
43100.03806732,0.3305197,0.04060183,0.3670686,0.04019004,0.3774654
43100.03818306,0.3355890,0.04060183,0.3721378,0.04019004,0.3816514
43100.03829862,0.3305197,0.04060183,0.3721378,0.03959203,0.3792594
43100.03841443,0.3355890,0.03553808,0.3721378,0.04377807,0.3714853
43100.03853010,0.3406582,0.03553808,0.3670686,0.04557209,0.3619172
43100.03864584,0.3355890,0.03553808,0.3721378,0.04557209,0.3493591
43100.03876158,0.3406582,0.04060183,0.3721378,0.04557209,0.3391930
43100.03887750,0.3355890,0.04566557,0.3822762,0.04377807,0.3344090
43100.03899324,0.3355890,0.04060183,0.3772070,0.04318007,0.3332130
43100.03910880,0.3355890,0.03553808,0.3670686,0.04437608,0.3356050
43100.03922472,0.3406582,0.03553808,0.3772070,0.04377807,0.3368010
43100.03934028,0.3406582,0.04566557,0.3772070,0.04796411,0.3403890
43100.03945602,0.3406582,0.04060183,0.3721378,0.04557209,0.3421830
43100.03957194,0.3406582,0.04060183,0.3721378,0.04557209,0.3433791
43100.03968768,0.3355890,0.04060183,0.3772070,0.04617009,0.3433791
43100.03980324,0.3305197,0.04566557,0.3772070,0.04676810,0.3433791
43100.03991898,0.3305197,0.04566557,0.3721378,0.04557209,0.3385950
43100.04003490,0.3305197,0.04060183,0.3721378,0.04617009,0.3397910
43100.04015046,0.3355890,0.04060183,0.3721378,0.04557209,0.3415850
43100.04026621,0.3355890,0.04060183,0.3670686,0.04617009,0.3433791
43100.04038195,0.3355890,0.04060183,0.3772070,0.04377807,0.3457711
43100.04049786,0.3406582,0.03553808,0.3721378,0.04617009,0.3433791
43100.04061360,0.3406582,0.03553808,0.3721378,0.04736611,0.3350070
43100.04072917,0.3305197,0.03553808,0.3670686,0.04557209,0.3260369
43100.04084497,0.3305197,0.04060183,0.3721378,0.04497408,0.3188608
43100.04096065,0.3305197,0.04060183,0.3721378,0.04437608,0.3152728
43100.04107645,0.3406582,0.04060183,0.3670686,0.04617009,0.3158708
43100.04119213,0.3355890,0.03553808,0.3670686,0.04497408,0.3188608
43100.04130804,0.3406582,0.03553808,0.3670686,0.04437608,0.3236449
43100.04142378,0.3406582,0.03047434,0.3670686,0.04377807,0.3302229
43100.04153935,0.3406582,0.03553808,0.3670686,0.04437608,0.3320169
43100.04165526,0.3355890,0.03553808,0.3721378,0.04617009,0.3368010
43100.04177083,0.3305197,0.04060183,0.3772070,0.04676810,0.3421830
43100.04188658,0.3305197,0.04060183,0.3721378,0.04557209,0.3481631
43100.04200248,0.3355890,0.03553808,0.3721378,0.04318007,0.3583292
43100.04211822,0.3406582,0.04060183,0.3721378,0.04557209,0.3684953
43100.04223389,0.3355890,0.04060183,0.3721378,0.04557209,0.3738774
43100.04234963,0.3355890,0.04060183,0.3721378,0.04557209,0.3738774
43100.04246537,0.3355890,0.03553808,0.3721378,0.04617009,0.3738774
43100.04258102,0.3406582,0.03553808,0.3670686,0.04736611,0.3690933
43100.04269685,0.3355890,0.03047434,0.3721378,0.04557209,0.3678973
43100.04281259,0.3406582,0.03047434,0.3721378,0.04377807,0.3672993
43100.04292824,0.3406582,0.02541059,0.3670686,0.04437608,0.3696913
43100.04304407,0.3406582,0.03047434,0.3619994,0.04557209,0.3714853
43100.04315981,0.3355890,0.03047434,0.3619994,0.04497408,0.3792594
43100.04327555,0.3355890,0.03047434,0.3670686,0.04377807,0.3834455
43100.04339129,0.3355890,0.03047434,0.3670686,0.04138605,0.3876315
43100.04350703,0.3355890,0.03553808,0.3670686,0.04258206,0.3882295
43100.04362277,0.3355890,0.03047434,0.3619994,0.04258206,0.3852395
43100.04373851,0.3355890,0.03553808,0.3670686,0.04557209,0.3852395
43100.04385425,0.3305197,0.03553808,0.3670686,0.04437608,0.3882295
43100.04396999,0.3305197,0.03553808,0.3670686,0.04377807,0.3930135
43100.04408573,0.3355890,0.03553808,0.3670686,0.04318007,0.3930135
43100.04420147,0.3305197,0.04060183,0.3721378,0.04497408,0.3852395
43100.04431721,0.3305197,0.04060183,0.3721378,0.04437608,0.3792594
43100.04443295,0.3355890,0.04060183,0.3721378,0.04437608,0.3702893
43100.04454869,0.3355890,0.04060183,0.3721378,0.04497408,0.3684953
43100.04466443,0.3305197,0.03553808,0.3670686,0.04437608,0.3678973
43100.04478017,0.3355890,0.03553808,0.3721378,0.04318007,0.3708873
43100.04489591,0.3355890,0.04060183,0.3721378,0.04258206,0.3762694
43100.04501158,0.3305197,0.03553808,0.3721378,0.04437608,0.3792594
43100.04512739,0.3406582,0.03553808,0.3721378,0.04377807,0.3840435
43100.04524313,0.3355890,0.03553808,0.3670686,0.04377807,0.3852395
43100.04535880,0.3355890,0.03553808,0.3670686,0.04497408,0.3810534
43100.04547461,0.3305197,0.04060183,0.3721378,0.04318007,0.3750734
43100.04559035,0.3305197,0.04060183,0.3772070,0.04617009,0.3672993
43100.04570609,0.3355890,0.04060183,0.3721378,0.04676810,0.3553392
43100.04582183,0.3355890,0.03553808,0.3721378,0.04736611,0.3493591
43100.04593757,0.3355890,0.03553808,0.3721378,0.04557209,0.3439771
43100.04605331,0.3355890,0.03047434,0.3721378,0.04676810,0.3409870
43100.04616905,0.3406582,0.03047434,0.3670686,0.04676810,0.3391930
43100.04628479,0.3305197,0.03047434,0.3670686,0.04736611,0.3397910
43100.04640053,0.3305197,0.03047434,0.3670686,0.04736611,0.3362030
43100.04651627,0.3305197,0.03553808,0.3619994,0.04856212,0.3296249
43100.04663201,0.3355890,0.03553808,0.3670686,0.04796411,0.3224488
43100.04674775,0.3254505,0.04060183,0.3670686,0.04557209,0.3164688
43100.04686349,0.3254505,0.04060183,0.3721378,0.04856212,0.3134788
43100.04697917,0.3355890,0.04566557,0.3721378,0.04676810,0.3152728
43100.04709497,0.3406582,0.03553808,0.3721378,0.04736611,0.3218508
43100.04721071,0.3355890,0.03553808,0.3670686,0.04796411,0.3332130
43100.04732645,0.3305197,0.04060183,0.3670686,0.04736611,0.3403890
43100.04744219,0.3305197,0.03553808,0.3721378,0.04617009,0.3487611
43100.04755793,0.3355890,0.03553808,0.3721378,0.04497408,0.3523491
43100.04767367,0.3305197,0.04060183,0.3721378,0.04557209,0.3517511
43100.04778941,0.3254505,0.04060183,0.3721378,0.04377807,0.3493591
43100.04790515,0.3305197,0.03553808,0.3670686,0.04497408,0.3505551
43100.04802089,0.3305197,0.03553808,0.3670686,0.04437608,0.3535452
43100.04813658,0.3305197,0.04060183,0.3721378,0.04377807,0.3529471
43100.04825237,0.3305197,0.04060183,0.3670686,0.04497408,0.3511531
43100.04836811,0.3305197,0.03047434,0.3619994,0.04736611,0.3475651
43100.04848385,0.3305197,0.03553808,0.3619994,0.04557209,0.3421830
43100.04859959,0.3355890,0.03047434,0.3569302,0.04557209,0.3356050
43100.04871528,0.3355890,0.03553808,0.3721378,0.04796411,0.3373990
43100.04883102,0.3305197,0.04566557,0.3721378,0.04796411,0.3397910
43100.04894681,0.3254505,0.04060183,0.3721378,0.04557209,0.3409870
43100.04906255,0.3305197,0.03553808,0.3619994,0.04796411,0.3415850
43100.04917824,0.3305197,0.03553808,0.3670686,0.04796411,0.3403890
43100.04929403,0.3305197,0.03047434,0.3619994,0.04736611,0.3385950
43100.04940972,0.3305197,0.03553808,0.3619994,0.04557209,0.3344090
43100.04952551,0.3305197,0.03553808,0.3619994,0.04796411,0.3308209
43100.04964125,0.3305197,0.04060183,0.3619994,0.04796411,0.3278309
43100.04975699,0.3355890,0.03553808,0.3670686,0.04676810,0.3236449
43100.04987273,0.3305197,0.03553808,0.3670686,0.04856212,0.3218508
43100.04998843,0.3305197,0.03553808,0.3670686,0.04856212,0.3194588
43100.05010417,0.3355890,0.04060183,0.3670686,0.04856212,0.3200568
43100.05021991,0.3355890,0.03553808,0.3670686,0.04676810,0.3170668
43100.05033569,0.3355890,0.03047434,0.3619994,0.04856212,0.3188608
43100.05045143,0.3406582,0.03047434,0.3619994,0.04497408,0.3230469
43100.05056717,0.3355890,0.03047434,0.3670686,0.04736611,0.3344090
43100.05068291,0.3355890,0.03047434,0.3670686,0.04676810,0.3451731
43100.05079883,0.3305197,0.03047434,0.3619994,0.04437608,0.3547412
43100.05091439,0.3355890,0.03047434,0.3619994,0.04557209,0.3655053
43100.05103013,0.3355890,0.03047434,0.3619994,0.04557209,0.3708873
43100.05114587,0.3355890,0.03047434,0.3619994,0.04736611,0.3678973
43100.05126161,0.3305197,0.03047434,0.3619994,0.04736611,0.3601232
43100.05137735,0.3355890,0.03553808,0.3619994,0.04676810,0.3523491
43100.05149309,0.3305197,0.03553808,0.3619994,0.04796411,0.3433791
43100.05160901,0.3305197,0.04060183,0.3670686,0.04916012,0.3379970
43100.05172457,0.3305197,0.04060183,0.3670686,0.04975813,0.3379970
43100.05184031,0.3254505,0.04060183,0.3619994,0.04736611,0.3445751
43100.05195605,0.3254505,0.04060183,0.3670686,0.04676810,0.3535452
43100.05207197,0.3305197,0.04060183,0.3670686,0.04497408,0.3577312
43100.05218753,0.3305197,0.04060183,0.3670686,0.04676810,0.3613192
43100.05230327,0.3305197,0.04060183,0.3670686,0.04856212,0.3601232
43100.05241919,0.3305197,0.03553808,0.3670686,0.04676810,0.3541432
43100.05253493,0.3305197,0.03553808,0.3619994,0.04736611,0.3481631
43100.05265067,0.3254505,0.04060183,0.3670686,0.04856212,0.3433791
43100.05276641,0.3305197,0.03553808,0.3721378,0.04975813,0.3439771
43100.05288215,0.3305197,0.03047434,0.3619994,0.05035614,0.3445751
43100.05299789,0.3355890,0.03553808,0.3619994,0.04856212,0.3493591
43100.05311345,0.3305197,0.03553808,0.3619994,0.05035614,0.3517511
43100.05322937,0.3305197,0.04060183,0.3670686,0.04796411,0.3511531
43100.05334493,0.3355890,0.03047434,0.3670686,0.04975813,0.3463691
43100.05346067,0.3355890,0.03047434,0.3569302,0.04856212,0.3385950
43100.05357641,0.3305197,0.03553808,0.3619994,0.05095414,0.3344090
43100.05369233,0.3305197,0.03553808,0.3619994,0.04975813,0.3296249
43100.05380789,0.3305197,0.03047434,0.3619994,0.04796411,0.3272329
43100.05392363,0.3355890,0.03553808,0.3619994,0.05035614,0.3296249
43100.05403955,0.3305197,0.03047434,0.3619994,0.04975813,0.3326149
43100.05415511,0.3305197,0.03047434,0.3569302,0.04856212,0.3344090
43100.05427103,0.3254505,0.03553808,0.3619994,0.04676810,0.3391930
43100.05438659,0.3305197,0.03553808,0.3619994,0.04676810,0.3403890
43100.05450251,0.3305197,0.03047434,0.3619994,0.04916012,0.3379970
43100.05461807,0.3355890,0.02541059,0.3569302,0.05274816,0.3296249
43100.05473399,0.3406582,0.02541059,0.3619994,0.05155215,0.3194588
43100.05484973,0.3305197,0.03047434,0.3670686,0.05095414,0.3122827
43100.05496529,0.3305197,0.03553808,0.3619994,0.04975813,0.3039107
43100.05508121,0.3305197,0.04060183,0.3619994,0.05035614,0.2997246
43100.05519677,0.3254505,0.04060183,0.3670686,0.05215015,0.2967346
43100.05531269,0.3254505,0.04060183,0.3670686,0.05035614,0.2937446
43100.05542825,0.3254505,0.03553808,0.3619994,0.04916012,0.2979306
43100.05554399,0.3355890,0.02541059,0.3569302,0.04796411,0.3057047
43100.05565991,0.3355890,0.03047434,0.3619994,0.05155215,0.3158708
43100.05577547,0.3305197,0.03047434,0.3670686,0.05155215,0.3230469
43100.05589139,0.3305197,0.03553808,0.3619994,0.04796411,0.3296249
43100.05600695,0.3305197,0.03047434,0.3569302,0.04916012,0.3320169
43100.05612287,0.3355890,0.03047434,0.3619994,0.04916012,0.3338110
43100.05623843,0.3254505,0.03047434,0.3619994,0.04796411,0.3356050
43100.05635435,0.3305197,0.03553808,0.3569302,0.04975813,0.3391930
43100.05647009,0.3305197,0.03047434,0.3569302,0.05095414,0.3415850
43100.05658565,0.3254505,0.03553808,0.3619994,0.04736611,0.3397910
43100.05670157,0.3254505,0.04060183,0.3619994,0.04676810,0.3373990
43100.05681713,0.3254505,0.03047434,0.3619994,0.04975813,0.3338110
43100.05693305,0.3305197,0.02541059,0.3569302,0.04736611,0.3290269
43100.05704861,0.3305197,0.03047434,0.3569302,0.04916012,0.3260369
43100.05716453,0.3305197,0.03553808,0.3670686,0.04975813,0.3212528
43100.05728027,0.3305197,0.03553808,0.3619994,0.05155215,0.3212528
43100.05739583,0.3305197,0.03553808,0.3619994,0.05035614,0.3218508
43100.05751175,0.3305197,0.03553808,0.3619994,0.04916012,0.3236449
43100.05762732,0.3355890,0.03553808,0.3670686,0.04856212,0.3206548
43100.05774323,0.3355890,0.03553808,0.3670686,0.05155215,0.3212528
43100.05785880,0.3254505,0.02541059,0.3569302,0.05274816,0.3158708
43100.05797471,0.3305197,0.02541059,0.3619994,0.05035614,0.3116847
43100.05809045,0.3305197,0.03047434,0.3670686,0.04916012,0.3098907
43100.05820602,0.3305197,0.03553808,0.3670686,0.05215015,0.3074987
43100.05832193,0.3305197,0.03553808,0.3670686,0.05215015,0.3092927
43100.05843750,0.3305197,0.03553808,0.3670686,0.05095414,0.3122827
43100.05855341,0.3305197,0.03553808,0.3670686,0.05274816,0.3158708
43100.05866898,0.3254505,0.03553808,0.3619994,0.05095414,0.3194588
43100.05878489,0.3305197,0.03047434,0.3619994,0.05155215,0.3236449
43100.05890063,0.3305197,0.03047434,0.3619994,0.05095414,0.3314189
43100.05901621,0.3305197,0.03047434,0.3569302,0.05095414,0.3362030
43100.05913195,0.3305197,0.03553808,0.3619994,0.05334617,0.3415850
43100.05924769,0.3305197,0.03553808,0.3619994,0.04975813,0.3535452
43100.05936359,0.3305197,0.03047434,0.3619994,0.05035614,0.3637113
43100.05947917,0.3305197,0.03553808,0.3619994,0.04916012,0.3714853
43100.05959507,0.3305197,0.03047434,0.3619994,0.04856212,0.3762694
43100.05971081,0.3305197,0.03047434,0.3569302,0.04916012,0.3714853
43100.05982639,0.3305197,0.02541059,0.3619994,0.04916012,0.3643093
43100.05994229,0.3305197,0.02541059,0.3569302,0.04916012,0.3601232
43100.06005787,0.3406582,0.03047434,0.3619994,0.04856212,0.3595252
43100.06017377,0.3305197,0.03553808,0.3670686,0.04916012,0.3613192
43100.06028935,0.3305197,0.03553808,0.3619994,0.04916012,0.3613192
43100.06040525,0.3305197,0.03047434,0.3619994,0.05035614,0.3601232
43100.06052099,0.3406582,0.02541059,0.3569302,0.04916012,0.3535452
43100.06063673,0.3355890,0.02541059,0.3518610,0.05155215,0.3445751
43100.06075247,0.3355890,0.02541059,0.3569302,0.05215015,0.3385950
43100.06086806,0.3355890,0.03047434,0.3619994,0.05095414,0.3379970
43100.06098395,0.3355890,0.02541059,0.3569302,0.05095414,0.3344090
43100.06109954,0.3355890,0.03047434,0.3619994,0.05155215,0.3338110
43100.06121543,0.3355890,0.03047434,0.3619994,0.04916012,0.3368010
43100.06133117,0.3305197,0.03047434,0.3619994,0.04916012,0.3356050
43100.06144676,0.3305197,0.03047434,0.3619994,0.04856212,0.3338110
43100.06156250,0.3355890,0.03047434,0.3619994,0.05035614,0.3302229
43100.06167824,0.3355890,0.03047434,0.3619994,0.05035614,0.3248409
43100.06179413,0.3305197,0.02541059,0.3569302,0.04975813,0.3194588
43100.06190972,0.3305197,0.03047434,0.3569302,0.05095414,0.3170668
43100.06202561,0.3305197,0.03047434,0.3619994,0.04916012,0.3176648
43100.06214135,0.3305197,0.03553808,0.3670686,0.05095414,0.3200568
43100.06225695,0.3305197,0.03553808,0.3619994,0.05155215,0.3242429
43100.06237283,0.3305197,0.03553808,0.3619994,0.05215015,0.3260369
43100.06248843,0.3406582,0.03553808,0.3670686,0.05095414,0.3284289
43100.06260431,0.3406582,0.02541059,0.3619994,0.04856212,0.3254389
43100.06271991,0.3355890,0.03047434,0.3569302,0.05035614,0.3236449
43100.06283579,0.3355890,0.03047434,0.3619994,0.05035614,0.3182628
43100.06295139,0.3305197,0.03047434,0.3670686,0.05035614,0.3134788
43100.06306727,0.3355890,0.03047434,0.3670686,0.05035614,0.3116847
43100.06318301,0.3355890,0.03553808,0.3670686,0.05095414,0.3158708
43100.06329861,0.3305197,0.04060183,0.3721378,0.04856212,0.3194588
43100.06341449,0.3305197,0.03553808,0.3670686,0.04975813,0.3236449
43100.06353009,0.3305197,0.03553808,0.3670686,0.05095414,0.3260369
43100.06364583,0.3305197,0.04060183,0.3721378,0.05035614,0.3236449
43100.06376171,0.3305197,0.04060183,0.3670686,0.04975813,0.3254389
43100.06387732,0.3355890,0.03553808,0.3670686,0.05215015,0.3260369
43100.06399319,0.3355890,0.03553808,0.3619994,0.05035614,0.3254389
43100.06410880,0.3355890,0.03047434,0.3619994,0.05095414,0.3278309
43100.06422467,0.3355890,0.02541059,0.3619994,0.05155215,0.3296249
43100.06434041,0.3355890,0.03047434,0.3569302,0.04916012,0.3302229
43100.06445615,0.3355890,0.02541059,0.3619994,0.05215015,0.3338110
43100.06457189,0.3406582,0.03047434,0.3619994,0.04796411,0.3379970
43100.06468750,0.3305197,0.03047434,0.3619994,0.04676810,0.3421830
43100.06480337,0.3305197,0.03047434,0.3619994,0.04676810,0.3511531
43100.06491898,0.3305197,0.03047434,0.3619994,0.04796411,0.3559372
43100.06503485,0.3355890,0.03047434,0.3569302,0.04916012,0.3595252
43100.06515046,0.3406582,0.02034684,0.3619994,0.04856212,0.3577312
43100.06526633,0.3355890,0.02541059,0.3619994,0.04975813,0.3481631
43100.06538207,0.3305197,0.03047434,0.3619994,0.04916012,0.3385950
43100.06549769,0.3305197,0.03553808,0.3569302,0.04856212,0.3278309
43100.06561355,0.3254505,0.04060183,0.3619994,0.04975813,0.3218508
43100.06572929,0.3254505,0.03553808,0.3619994,0.05155215,0.3194588
43100.06584503,0.3305197,0.03553808,0.3619994,0.05155215,0.3194588
43100.06596065,0.3305197,0.03047434,0.3619994,0.04916012,0.3218508
43100.06607639,0.3355890,0.03047434,0.3569302,0.04676810,0.3254389
43100.06619225,0.3355890,0.02541059,0.3619994,0.04856212,0.3284289
43100.06630787,0.3355890,0.03047434,0.3619994,0.04856212,0.3338110
43100.06642373,0.3355890,0.02541059,0.3619994,0.04676810,0.3379970
43100.06653947,0.3355890,0.03553808,0.3670686,0.04856212,0.3379970
43100.06665521,0.3305197,0.03553808,0.3670686,0.04916012,0.3403890
43100.06677095,0.3355890,0.03047434,0.3619994,0.04557209,0.3421830
43100.06688658,0.3355890,0.02541059,0.3569302,0.04557209,0.3439771
43100.06700232,0.3406582,0.02541059,0.3619994,0.04557209,0.3475651
43100.06711817,0.3355890,0.02541059,0.3619994,0.04796411,0.3535452
43100.06723380,0.3406582,0.02541059,0.3670686,0.04617009,0.3589272
43100.06734965,0.3355890,0.03553808,0.3670686,0.04557209,0.3595252
43100.06746539,0.3355890,0.03047434,0.3670686,0.04437608,0.3607212
43100.06758102,0.3406582,0.03553808,0.3670686,0.04736611,0.3595252
43100.06769676,0.3406582,0.03047434,0.3670686,0.04736611,0.3553392
43100.06781250,0.3355890,0.03047434,0.3670686,0.04856212,0.3511531
43100.06792824,0.3305197,0.03553808,0.3619994,0.04736611,0.3493591
43100.06804398,0.3355890,0.03553808,0.3670686,0.04916012,0.3421830
43100.06815983,0.3355890,0.03047434,0.3619994,0.04856212,0.3379970
43100.06827557,0.3355890,0.03047434,0.3619994,0.05035614,0.3338110
43100.06839131,0.3305197,0.03047434,0.3619994,0.04796411,0.3302229
43100.06850706,0.3355890,0.03553808,0.3670686,0.04676810,0.3278309
43100.06862279,0.3305197,0.03553808,0.3670686,0.04796411,0.3254389
43100.06873854,0.3355890,0.03047434,0.3670686,0.04676810,0.3254389
43100.06885427,0.3406582,0.03047434,0.3619994,0.04796411,0.3242429
43100.06897002,0.3355890,0.02541059,0.3619994,0.04736611,0.3260369
43100.06908575,0.3355890,0.03047434,0.3619994,0.04796411,0.3314189
43100.06920150,0.3355890,0.03047434,0.3619994,0.04676810,0.3379970
43100.06931724,0.3355890,0.03047434,0.3619994,0.04497408,0.3439771
43100.06943298,0.3305197,0.03047434,0.3670686,0.04617009,0.3475651
43100.06954872,0.3355890,0.03553808,0.3619994,0.04676810,0.3493591
43100.06966446,0.3355890,0.03047434,0.3619994,0.04557209,0.3481631
43100.06978020,0.3355890,0.03047434,0.3670686,0.04736611,0.3433791
43100.06989594,0.3355890,0.03047434,0.3619994,0.04617009,0.3415850
43100.07001168,0.3355890,0.03047434,0.3670686,0.04557209,0.3373990
43100.07012742,0.3355890,0.03047434,0.3619994,0.04617009,0.3368010
43100.07024316,0.3355890,0.02541059,0.3619994,0.04676810,0.3373990
43100.07035890,0.3305197,0.02541059,0.3619994,0.04916012,0.3397910
43100.07047464,0.3406582,0.03047434,0.3619994,0.04916012,0.3415850
43100.07059038,0.3355890,0.03047434,0.3619994,0.04676810,0.3415850
43100.07070612,0.3305197,0.03553808,0.3670686,0.04736611,0.3379970
43100.07082186,0.3305197,0.03553808,0.3670686,0.04856212,0.3320169
43100.07093760,0.3355890,0.03553808,0.3670686,0.04796411,0.3260369
43100.07105334,0.3406582,0.03553808,0.3670686,0.04916012,0.3260369
43100.07116908,0.3355890,0.03553808,0.3721378,0.04736611,0.3278309
43100.07128482,0.3406582,0.03553808,0.3721378,0.04617009,0.3296249
43100.07140056,0.3406582,0.03553808,0.3670686,0.04617009,0.3344090
43100.07151630,0.3355890,0.04060183,0.3721378,0.04557209,0.3397910
43100.07163204,0.3406582,0.03553808,0.3721378,0.04676810,0.3475651
43100.07174778,0.3406582,0.03553808,0.3721378,0.04497408,0.3547412
43100.07186352,0.3406582,0.03047434,0.3670686,0.04617009,0.3601232
43100.07197926,0.3355890,0.03047434,0.3670686,0.04676810,0.3595252
43100.07209500,0.3355890,0.03553808,0.3670686,0.04617009,0.3577312
43100.07221074,0.3355890,0.03047434,0.3670686,0.04676810,0.3535452
43100.07232648,0.3406582,0.02541059,0.3670686,0.04736611,0.3493591
43100.07244222,0.3355890,0.03047434,0.3670686,0.04796411,0.3457711
43100.07255796,0.3355890,0.03047434,0.3619994,0.04796411,0.3415850
43100.07267370,0.3355890,0.03047434,0.3670686,0.04916012,0.3379970
43100.07278944,0.3355890,0.03553808,0.3670686,0.04796411,0.3344090
43100.07290518,0.3355890,0.03553808,0.3670686,0.04975813,0.3254389
43100.07302092,0.3355890,0.03553808,0.3670686,0.04916012,0.3176648
43100.07313666,0.3355890,0.03553808,0.3670686,0.04796411,0.3146748
43100.07325240,0.3305197,0.03553808,0.3670686,0.04856212,0.3080967
43100.07336814,0.3355890,0.03553808,0.3670686,0.04916012,0.3057047
43100.07348388,0.3355890,0.03047434,0.3670686,0.04916012,0.3039107
43100.07359962,0.3355890,0.03553808,0.3670686,0.05095414,0.3021166
43100.07371536,0.3305197,0.04060183,0.3670686,0.05095414,0.2997246
43100.07383110,0.3305197,0.04060183,0.3721378,0.04676810,0.3021166
43100.07394684,0.3406582,0.03553808,0.3721378,0.04736611,0.3098907
43100.07406258,0.3355890,0.03553808,0.3670686,0.04676810,0.3176648
43100.07417832,0.3305197,0.04060183,0.3670686,0.04736611,0.3272329
43100.07429406,0.3355890,0.03553808,0.3670686,0.04796411,0.3344090
43100.07440980,0.3355890,0.03553808,0.3670686,0.04736611,0.3356050
43100.07452554,0.3305197,0.03553808,0.3670686,0.04557209,0.3332130
43100.07464128,0.3355890,0.04060183,0.3670686,0.04736611,0.3320169
43100.07475702,0.3305197,0.04060183,0.3721378,0.04975813,0.3266349
43100.07487276,0.3355890,0.03553808,0.3670686,0.04916012,0.3236449
43100.07498850,0.3355890,0.03047434,0.3670686,0.04796411,0.3188608
43100.07510424,0.3406582,0.02541059,0.3670686,0.04796411,0.3152728
43100.07521998,0.3406582,0.03047434,0.3670686,0.04736611,0.3158708
43100.07533572,0.3457275,0.02541059,0.3619994,0.04856212,0.3188608
43100.07545146,0.3406582,0.02541059,0.3619994,0.05095414,0.3236449
43100.07556720,0.3406582,0.03047434,0.3670686,0.04796411,0.3278309
43100.07568294,0.3355890,0.03553808,0.3721378,0.04617009,0.3326149
43100.07579868,0.3305197,0.03553808,0.3721378,0.04856212,0.3278309
43100.07591442,0.3355890,0.03553808,0.3619994,0.04916012,0.3278309
43100.07603016,0.3457275,0.02541059,0.3670686,0.04676810,0.3254389
43100.07614590,0.3406582,0.03047434,0.3721378,0.04676810,0.3278309
43100.07626164,0.3406582,0.03047434,0.3721378,0.04856212,0.3320169
43100.07637738,0.3406582,0.03047434,0.3721378,0.04736611,0.3379970
43100.07649312,0.3406582,0.03047434,0.3670686,0.04975813,0.3403890
43100.07660886,0.3406582,0.03047434,0.3670686,0.04856212,0.3415850
43100.07672460,0.3406582,0.03047434,0.3619994,0.04736611,0.3427810
43100.07684034,0.3355890,0.03553808,0.3619994,0.04796411,0.3463691
43100.07695608,0.3305197,0.03553808,0.3670686,0.04497408,0.3475651
43100.07707182,0.3305197,0.04060183,0.3670686,0.04557209,0.3493591
43100.07718756,0.3355890,0.03553808,0.3670686,0.04856212,0.3511531
43100.07730330,0.3355890,0.03047434,0.3619994,0.04975813,0.3565352
43100.07741904,0.3305197,0.03553808,0.3619994,0.04796411,0.3571332
43100.07753478,0.3305197,0.03553808,0.3670686,0.04975813,0.3553392
43100.07765052,0.3355890,0.03047434,0.3670686,0.04736611,0.3517511
43100.07776626,0.3355890,0.03553808,0.3721378,0.04916012,0.3457711
43100.07788200,0.3406582,0.03047434,0.3670686,0.04975813,0.3403890
43100.07799774,0.3406582,0.02541059,0.3619994,0.04676810,0.3344090
43100.07811348,0.3406582,0.03047434,0.3670686,0.04736611,0.3320169
43100.07822922,0.3355890,0.04060183,0.3772070,0.04676810,0.3338110
43100.07834496,0.3355890,0.04060183,0.3721378,0.04796411,0.3296249
43100.07846070,0.3355890,0.03553808,0.3619994,0.04736611,0.3320169
43100.07857644,0.3355890,0.04060183,0.3670686,0.04676810,0.3344090
43100.07869218,0.3406582,0.04060183,0.3772070,0.04916012,0.3314189
43100.07880792,0.3355890,0.03553808,0.3772070,0.05155215,0.3314189
43100.07892366,0.3406582,0.03553808,0.3721378,0.04617009,0.3338110
43100.07903940,0.3406582,0.03553808,0.3721378,0.04916012,0.3338110
43100.07915514,0.3406582,0.03047434,0.3772070,0.04736611,0.3362030
43100.07927088,0.3457275,0.03047434,0.3721378,0.04796411,0.3421830
43100.07938662,0.3355890,0.03047434,0.3721378,0.04796411,0.3433791
43100.07950236,0.3406582,0.03553808,0.3670686,0.04856212,0.3499571
43100.07961810,0.3406582,0.03047434,0.3670686,0.04796411,0.3577312
43100.07973384,0.3457275,0.03047434,0.3670686,0.04796411,0.3690933
43100.07984958,0.3406582,0.02541059,0.3619994,0.04796411,0.3822494
43100.07996532,0.3355890,0.03047434,0.3670686,0.04497408,0.3900235
43100.08008106,0.3406582,0.03047434,0.3670686,0.04916012,0.3918175
43100.08019680,0.3355890,0.03553808,0.3670686,0.04856212,0.3894255
43100.08031254,0.3355890,0.03553808,0.3721378,0.04557209,0.3840435
43100.08042828,0.3355890,0.04060183,0.3772070,0.04676810,0.3816514
43100.08054402,0.3355890,0.04060183,0.3772070,0.04736611,0.3756714
43100.08065976,0.3355890,0.03553808,0.3721378,0.04676810,0.3702893
43100.08077550,0.3355890,0.04060183,0.3772070,0.04676810,0.3643093
43100.08089124,0.3355890,0.04060183,0.3721378,0.04676810,0.3577312
43100.08100698,0.3406582,0.03553808,0.3670686,0.04916012,0.3541432
43100.08112272,0.3406582,0.03553808,0.3670686,0.04736611,0.3499571
43100.08123846,0.3355890,0.03553808,0.3670686,0.04856212,0.3415850
43100.08135420,0.3355890,0.03553808,0.3670686,0.05095414,0.3332130
43100.08146994,0.3355890,0.04060183,0.3721378,0.04975813,0.3236449
43100.08158568,0.3355890,0.03553808,0.3721378,0.04975813,0.3158708
43100.08170142,0.3355890,0.03047434,0.3619994,0.05035614,0.3116847
43100.08181716,0.3355890,0.04060183,0.3670686,0.05095414,0.3122827
43100.08193290,0.3355890,0.04566557,0.3772070,0.04856212,0.3164688
43100.08204864,0.3305197,0.04060183,0.3721378,0.04916012,0.3200568
43100.08216438,0.3305197,0.03047434,0.3670686,0.04916012,0.3236449
43100.08228012,0.3355890,0.03553808,0.3670686,0.04975813,0.3218508
43100.08239586,0.3406582,0.04060183,0.3721378,0.04975813,0.3206548
43100.08251160,0.3305197,0.03553808,0.3721378,0.04856212,0.3182628
43100.08262734,0.3355890,0.03553808,0.3619994,0.04916012,0.3194588
43100.08274308,0.3305197,0.03553808,0.3619994,0.05035614,0.3242429
43100.08285882,0.3305197,0.03047434,0.3569302,0.04676810,0.3254389
43100.08297456,0.3355890,0.03047434,0.3670686,0.04796411,0.3254389
43100.08309030,0.3355890,0.03553808,0.3670686,0.05035614,0.3218508
43100.08320604,0.3355890,0.03047434,0.3670686,0.04557209,0.3200568
43100.08332178,0.3406582,0.03047434,0.3619994,0.04676810,0.3200568
43100.08343752,0.3406582,0.03047434,0.3619994,0.04856212,0.3218508
43100.08355326,0.3355890,0.03047434,0.3569302,0.04676810,0.3236449
43100.08366900,0.3355890,0.03047434,0.3670686,0.04617009,0.3218508
43100.08378474,0.3355890,0.03553808,0.3670686,0.04796411,0.3212528
43100.08390048,0.3355890,0.03047434,0.3670686,0.04557209,0.3236449
43100.08401640,0.3355890,0.03047434,0.3619994,0.04497408,0.3278309
43100.08413196,0.3355890,0.03047434,0.3619994,0.04736611,0.3338110
43100.08424777,0.3406582,0.03047434,0.3670686,0.04916012,0.3379970
43100.08436344,0.3457275,0.02541059,0.3670686,0.04975813,0.3403890
43100.08447936,0.3406582,0.03553808,0.3721378,0.05035614,0.3356050
43100.08459510,0.3355890,0.04060183,0.3721378,0.05454218,0.3290269
43100.08471066,0.3355890,0.03553808,0.3670686,0.05274816,0.3218508
43100.08482658,0.3305197,0.04060183,0.3619994,0.04975813,0.3158708
43100.08494232,0.3355890,0.03553808,0.3670686,0.04975813,0.3134788
43100.08505788,0.3355890,0.03047434,0.3670686,0.05035614,0.3140768
43100.08517380,0.3355890,0.03047434,0.3619994,0.04856212,0.3146748
43100.08528936,0.3355890,0.03047434,0.3619994,0.04975813,0.3194588
43100.08540528,0.3355890,0.03047434,0.3670686,0.04975813,0.3236449
43100.08552102,0.3355890,0.03553808,0.3670686,0.04856212,0.3302229
43100.08563676,0.3355890,0.03553808,0.3619994,0.04975813,0.3338110
43100.08575232,0.3305197,0.03553808,0.3670686,0.04916012,0.3379970
43100.08586806,0.3355890,0.03047434,0.3619994,0.04975813,0.3379970
43100.08598380,0.3406582,0.03047434,0.3670686,0.04796411,0.3320169
43100.08609972,0.3355890,0.03553808,0.3670686,0.05155215,0.3206548
43100.08621546,0.3355890,0.03553808,0.3670686,0.05095414,0.3140768
43100.08633102,0.3355890,0.03047434,0.3670686,0.05215015,0.3069007
43100.08644694,0.3355890,0.03047434,0.3619994,0.05155215,0.3057047
43100.08656268,0.3355890,0.03047434,0.3619994,0.05155215,0.3086947
43100.08667831,0.3355890,0.03553808,0.3619994,0.05095414,0.3098907
43100.08679398,0.3355890,0.03047434,0.3670686,0.04916012,0.3128807
43100.08690990,0.3406582,0.03047434,0.3670686,0.04975813,0.3176648
43100.08702564,0.3355890,0.03047434,0.3670686,0.05095414,0.3206548
43100.08714121,0.3305197,0.03553808,0.3670686,0.05035614,0.3260369
43100.08725712,0.3355890,0.03553808,0.3670686,0.04856212,0.3272329
43100.08737286,0.3305197,0.03553808,0.3721378,0.04975813,0.3278309
43100.08748849,0.3305197,0.03553808,0.3670686,0.05035614,0.3236449
43100.08760417,0.3355890,0.03553808,0.3670686,0.05035614,0.3212528
43100.08772008,0.3355890,0.03553808,0.3721378,0.04916012,0.3236449
43100.08783582,0.3355890,0.03553808,0.3670686,0.04975813,0.3272329
43100.08795156,0.3355890,0.03047434,0.3619994,0.05155215,0.3314189
43100.08806730,0.3355890,0.03553808,0.3670686,0.05095414,0.3362030
43100.08818287,0.3355890,0.03047434,0.3670686,0.04736611,0.3356050
43100.08829878,0.3406582,0.03047434,0.3670686,0.05095414,0.3338110
43100.08841452,0.3406582,0.03047434,0.3670686,0.05035614,0.3338110
43100.08853026,0.3355890,0.03047434,0.3670686,0.04736611,0.3338110
43100.08864600,0.3406582,0.03047434,0.3619994,0.04916012,0.3356050
43100.08876158,0.3406582,0.03047434,0.3670686,0.05095414,0.3356050
43100.08887748,0.3355890,0.04060183,0.3721378,0.04975813,0.3338110
43100.08899306,0.3305197,0.04060183,0.3721378,0.04975813,0.3296249
43100.08910885,0.3355890,0.03553808,0.3721378,0.05035614,0.3248409
43100.08922454,0.3406582,0.03047434,0.3670686,0.05035614,0.3230469
43100.08934044,0.3406582,0.03047434,0.3721378,0.05095414,0.3212528
43100.08945602,0.3457275,0.03047434,0.3619994,0.04856212,0.3236449
43100.08957176,0.3406582,0.02541059,0.3619994,0.04916012,0.3242429
43100.08968766,0.3406582,0.02541059,0.3619994,0.05155215,0.3218508
43100.08980340,0.3406582,0.03047434,0.3670686,0.05155215,0.3200568
43100.08991903,0.3457275,0.02541059,0.3569302,0.05095414,0.3158708
43100.09003472,0.3457275,0.02541059,0.3670686,0.04975813,0.3134788
43100.09015062,0.3406582,0.03047434,0.3619994,0.05035614,0.3182628
43100.09026636,0.3406582,0.03047434,0.3670686,0.04975813,0.3242429
43100.09038210,0.3406582,0.03047434,0.3619994,0.05035614,0.3296249
43100.09049784,0.3355890,0.03553808,0.3619994,0.04796411,0.3373990
43100.09061343,0.3355890,0.03047434,0.3670686,0.04975813,0.3433791
43100.09072932,0.3355890,0.03553808,0.3670686,0.05095414,0.3475651
43100.09084491,0.3457275,0.03553808,0.3670686,0.05215015,0.3457711
43100.09096080,0.3406582,0.03553808,0.3772070,0.05095414,0.3415850
43100.09107654,0.3457275,0.03553808,0.3772070,0.05035614,0.3332130
43100.09119228,0.3406582,0.03553808,0.3772070,0.05035614,0.3230469
43100.09130802,0.3355890,0.03553808,0.3721378,0.05155215,0.3158708
43100.09142361,0.3406582,0.03553808,0.3670686,0.05035614,0.3116847
43100.09153939,0.3406582,0.03553808,0.3721378,0.05215015,0.3110867
43100.09165524,0.3355890,0.03553808,0.3721378,0.05215015,0.3128807
43100.09177098,0.3355890,0.03047434,0.3670686,0.05155215,0.3176648
43100.09188658,0.3355890,0.02541059,0.3619994,0.04916012,0.3212528
43100.09200232,0.3406582,0.03047434,0.3670686,0.04856212,0.3260369
43100.09211820,0.3406582,0.03553808,0.3670686,0.04975813,0.3254389
43100.09223394,0.3406582,0.03047434,0.3721378,0.04916012,0.3254389
43100.09234957,0.3355890,0.04060183,0.3721378,0.05334617,0.3236449
43100.09246528,0.3355890,0.03553808,0.3721378,0.05394417,0.3218508
43100.09258116,0.3406582,0.04060183,0.3670686,0.05274816,0.3242429
43100.09269690,0.3305197,0.03047434,0.3670686,0.04916012,0.3242429
43100.09281264,0.3355890,0.02541059,0.3619994,0.04975813,0.3260369
43100.09292838,0.3406582,0.02541059,0.3619994,0.05035614,0.3314189
43100.09304412,0.3406582,0.03553808,0.3670686,0.04856212,0.3379970
43100.09315986,0.3406582,0.03553808,0.3721378,0.04975813,0.3475651
43100.09327546,0.3355890,0.03047434,0.3670686,0.04676810,0.3553392
43100.09339134,0.3406582,0.03047434,0.3670686,0.04736611,0.3643093
43100.09350708,0.3406582,0.03047434,0.3670686,0.04975813,0.3678973
43100.09362271,0.3406582,0.03047434,0.3670686,0.04676810,0.3720833
43100.09373856,0.3355890,0.03047434,0.3670686,0.04856212,0.3732793
43100.09385417,0.3355890,0.03047434,0.3619994,0.04916012,0.3762694
43100.09396993,0.3355890,0.03047434,0.3619994,0.05035614,0.3720833
43100.09408565,0.3355890,0.03553808,0.3670686,0.04617009,0.3684953
43100.09420152,0.3355890,0.03553808,0.3721378,0.05155215,0.3595252
43100.09431713,0.3406582,0.04060183,0.3721378,0.04975813,0.3517511
43100.09443287,0.3355890,0.03553808,0.3772070,0.04975813,0.3451731
43100.09454874,0.3355890,0.03553808,0.3772070,0.04796411,0.3403890
43100.09466448,0.3406582,0.03553808,0.3721378,0.05095414,0.3356050
43100.09478011,0.3406582,0.03047434,0.3721378,0.04975813,0.3320169
43100.09489585,0.3406582,0.03047434,0.3670686,0.05035614,0.3344090
43100.09501170,0.3406582,0.03047434,0.3670686,0.04975813,0.3332130
43100.09512744,0.3406582,0.03047434,0.3670686,0.04856212,0.3332130
43100.09524307,0.3355890,0.03553808,0.3619994,0.04916012,0.3302229
43100.09535892,0.3406582,0.03047434,0.3619994,0.05095414,0.3254389
43100.09547454,0.3355890,0.03047434,0.3670686,0.05095414,0.3182628
43100.09559028,0.3406582,0.03553808,0.3721378,0.05155215,0.3122827
43100.09570602,0.3406582,0.02541059,0.3670686,0.05215015,0.3098907
43100.09582188,0.3406582,0.03047434,0.3619994,0.05274816,0.3080967
43100.09593762,0.3406582,0.02541059,0.3619994,0.05155215,0.3092927
43100.09605325,0.3406582,0.02541059,0.3619994,0.05274816,0.3158708
43100.09616910,0.3305197,0.03047434,0.3619994,0.05095414,0.3218508
43100.09628484,0.3355890,0.02541059,0.3619994,0.05035614,0.3278309
43100.09640047,0.3355890,0.03047434,0.3670686,0.05155215,0.3338110
43100.09651620,0.3355890,0.02541059,0.3670686,0.05334617,0.3362030
43100.09663206,0.3457275,0.02034684,0.3619994,0.05215015,0.3338110
43100.09674769,0.3406582,0.03047434,0.3619994,0.05095414,0.3338110
43100.09686343,0.3355890,0.03047434,0.3670686,0.05215015,0.3338110
43100.09697928,0.3355890,0.02541059,0.3619994,0.05155215,0.3314189
43100.09709502,0.3355890,0.03553808,0.3670686,0.05155215,0.3302229
43100.09721065,0.3355890,0.03047434,0.3619994,0.04975813,0.3296249
43100.09732650,0.3305197,0.03553808,0.3670686,0.05035614,0.3254389
43100.09744224,0.3406582,0.02541059,0.3619994,0.04796411,0.3260369
43100.09755798,0.3406582,0.02541059,0.3619994,0.04856212,0.3320169
43100.09767361,0.3355890,0.02541059,0.3670686,0.04916012,0.3391930
43100.09778946,0.3406582,0.03047434,0.3670686,0.04796411,0.3517511
43100.09790520,0.3355890,0.04060183,0.3670686,0.04916012,0.3714853
43100.09802094,0.3406582,0.03553808,0.3670686,0.04916012,0.3894255
43100.09813658,0.3355890,0.03047434,0.3619994,0.04676810,0.4061697
43100.09825242,0.3406582,0.03553808,0.3721378,0.04617009,0.4139438
43100.09836816,0.3355890,0.03047434,0.3670686,0.04916012,0.4097577
43100.09848380,0.3406582,0.03553808,0.3670686,0.04916012,0.4031796
43100.09859964,0.3406582,0.03047434,0.3619994,0.04916012,0.3942096
43100.09871538,0.3355890,0.03047434,0.3670686,0.04856212,0.3858375
43100.09883112,0.3406582,0.02541059,0.3619994,0.04975813,0.3810534
43100.09894686,0.3406582,0.03553808,0.3670686,0.04676810,0.3780634
43100.09906260,0.3406582,0.03553808,0.3721378,0.05035614,0.3744754
43100.09917834,0.3406582,0.03047434,0.3670686,0.04856212,0.3732793
43100.09929398,0.3406582,0.02541059,0.3619994,0.05095414,0.3726813
43100.09940982,0.3355890,0.03047434,0.3619994,0.04975813,0.3720833
43100.09952556,0.3406582,0.03047434,0.3670686,0.04975813,0.3678973
43100.09964120,0.3355890,0.03047434,0.3619994,0.05035614,0.3595252
43100.09975704,0.3406582,0.03047434,0.3670686,0.05215015,0.3475651
43100.09987278,0.3406582,0.02541059,0.3670686,0.04975813,0.3356050
43100.09998852,0.3406582,0.02541059,0.3619994,0.04916012,0.3254389
43100.10010417,0.3406582,0.03047434,0.3670686,0.04736611,0.3212528
43100.10022000,0.3406582,0.02541059,0.3619994,0.05035614,0.3260369
43100.10033574,0.3406582,0.02541059,0.3619994,0.05274816,0.3320169
43100.10045148,0.3406582,0.02541059,0.3670686,0.04916012,0.3409870
43100.10056722,0.3406582,0.02541059,0.3670686,0.05095414,0.3535452
43100.10068296,0.3406582,0.03047434,0.3619994,0.04975813,0.3625152
43100.10079870,0.3406582,0.02541059,0.3619994,0.04796411,0.3678973
43100.10091435,0.3406582,0.02541059,0.3619994,0.04796411,0.3780634
43100.10103018,0.3406582,0.03047434,0.3619994,0.04796411,0.3822494
43100.10114592,0.3355890,0.03047434,0.3619994,0.04676810,0.3816514
43100.10126158,0.3305197,0.03047434,0.3670686,0.04736611,0.3780634
43100.10137732,0.3406582,0.03047434,0.3619994,0.04736611,0.3756714
43100.10149314,0.3355890,0.03553808,0.3619994,0.04736611,0.3720833
43100.10160888,0.3406582,0.03553808,0.3721378,0.04856212,0.3678973
43100.10172454,0.3406582,0.03047434,0.3670686,0.04916012,0.3655053
43100.10184036,0.3406582,0.03047434,0.3619994,0.04916012,0.3667013
43100.10195610,0.3355890,0.03047434,0.3619994,0.04916012,0.3637113
43100.10207176,0.3355890,0.03047434,0.3670686,0.04796411,0.3619172
43100.10218758,0.3355890,0.03047434,0.3670686,0.05095414,0.3571332
43100.10230332,0.3406582,0.03553808,0.3721378,0.05155215,0.3499571
43100.10241906,0.3355890,0.03553808,0.3670686,0.05035614,0.3379970
43100.10253472,0.3355890,0.03047434,0.3670686,0.05095414,0.3278309
43100.10265054,0.3355890,0.03553808,0.3670686,0.05155215,0.3194588
43100.10276628,0.3406582,0.03553808,0.3721378,0.05035614,0.3182628
43100.10288202,0.3457275,0.03047434,0.3721378,0.04617009,0.3212528
43100.10299776,0.3406582,0.02541059,0.3619994,0.04796411,0.3314189
43100.10311350,0.3406582,0.03047434,0.3619994,0.04796411,0.3379970
43100.10322924,0.3406582,0.03047434,0.3721378,0.04736611,0.3457711
43100.10334491,0.3406582,0.02541059,0.3670686,0.04736611,0.3451731
43100.10346072,0.3406582,0.03047434,0.3721378,0.04856212,0.3433791
43100.10357646,0.3507967,0.02541059,0.3670686,0.04617009,0.3421830
43100.10369213,0.3457275,0.02034684,0.3619994,0.04617009,0.3356050
43100.10380794,0.3406582,0.03047434,0.3670686,0.04796411,0.3338110
43100.10392368,0.3457275,0.03047434,0.3670686,0.04796411,0.3302229
43100.10403942,0.3457275,0.02541059,0.3670686,0.04916012,0.3260369
43100.10415509,0.3406582,0.03553808,0.3721378,0.05095414,0.3194588
43100.10427090,0.3406582,0.03047434,0.3721378,0.05035614,0.3152728
43100.10438664,0.3457275,0.03047434,0.3721378,0.05035614,0.3116847
43100.10450232,0.3457275,0.03553808,0.3721378,0.05035614,0.3110867
43100.10461806,0.3406582,0.03553808,0.3721378,0.04975813,0.3182628
43100.10473386,0.3406582,0.02541059,0.3670686,0.05155215,0.3296249
43100.10484960,0.3406582,0.03047434,0.3619994,0.04916012,0.3433791
43100.10496534,0.3355890,0.03047434,0.3619994,0.04856212,0.3529471
43100.10508108,0.3406582,0.03047434,0.3670686,0.04796411,0.3583292
43100.10519682,0.3406582,0.03047434,0.3619994,0.05035614,0.3553392
43100.10531256,0.3406582,0.03553808,0.3670686,0.04856212,0.3475651
43100.10542830,0.3406582,0.03047434,0.3721378,0.04856212,0.3415850
43100.10554398,0.3406582,0.03047434,0.3619994,0.04975813,0.3379970
43100.10565972,0.3406582,0.03047434,0.3670686,0.05215015,0.3362030
43100.10577552,0.3406582,0.03047434,0.3772070,0.04916012,0.3314189
43100.10589126,0.3406582,0.03553808,0.3721378,0.05035614,0.3284289
43100.10600700,0.3406582,0.03553808,0.3721378,0.05274816,0.3236449
43100.10612269,0.3457275,0.03047434,0.3670686,0.05035614,0.3236449
43100.10623848,0.3406582,0.03047434,0.3670686,0.04975813,0.3278309
43100.10635417,0.3406582,0.02541059,0.3670686,0.05035614,0.3320169
43100.10646991,0.3457275,0.02541059,0.3670686,0.05035614,0.3338110
43100.10658565,0.3457275,0.02541059,0.3670686,0.04975813,0.3356050
43100.10670139,0.3457275,0.02541059,0.3670686,0.04975813,0.3356050
43100.10681713,0.3457275,0.02541059,0.3721378,0.04916012,0.3373990
43100.10693287,0.3406582,0.03047434,0.3670686,0.04796411,0.3373990
43100.10704866,0.3355890,0.04060183,0.3721378,0.04975813,0.3397910
43100.10716435,0.3355890,0.04060183,0.3772070,0.05035614,0.3409870
43100.10728009,0.3355890,0.04060183,0.3772070,0.04856212,0.3409870
43100.10739588,0.3406582,0.03047434,0.3670686,0.04856212,0.3475651
43100.10751158,0.3406582,0.03047434,0.3721378,0.04975813,0.3511531
43100.10762736,0.3406582,0.03553808,0.3721378,0.05095414,0.3529471
43100.10774310,0.3355890,0.03553808,0.3670686,0.04856212,0.3517511
43100.10785884,0.3406582,0.03047434,0.3670686,0.04796411,0.3511531
43100.10797454,0.3355890,0.03047434,0.3670686,0.04796411,0.3433791
43100.10809028,0.3355890,0.03553808,0.3721378,0.04916012,0.3379970
43100.10820602,0.3355890,0.03553808,0.3670686,0.05155215,0.3338110
43100.10832198,0.3406582,0.03047434,0.3619994,0.05155215,0.3284289
43100.10843754,0.3406582,0.03553808,0.3721378,0.05095414,0.3230469
43100.10855346,0.3406582,0.03553808,0.3721378,0.05155215,0.3230469
43100.10866902,0.3355890,0.03553808,0.3721378,0.05215015,0.3206548
43100.10878494,0.3355890,0.03553808,0.3670686,0.05155215,0.3164688
43100.10890068,0.3355890,0.03553808,0.3670686,0.05035614,0.3152728
43100.10901642,0.3406582,0.03047434,0.3670686,0.05155215,0.3134788
43100.10913216,0.3406582,0.02541059,0.3670686,0.05394417,0.3134788
43100.10924790,0.3406582,0.03553808,0.3670686,0.05215015,0.3158708
43100.10936364,0.3355890,0.04060183,0.3721378,0.05035614,0.3176648
43100.10947920,0.3355890,0.03553808,0.3721378,0.05095414,0.3230469
43100.10959512,0.3355890,0.03553808,0.3721378,0.04975813,0.3362030
43100.10971068,0.3355890,0.03553808,0.3670686,0.04975813,0.3451731
43100.10982642,0.3355890,0.03553808,0.3670686,0.04676810,0.3559372
43100.10994234,0.3406582,0.03047434,0.3670686,0.04736611,0.3661033
43100.11005790,0.3457275,0.02541059,0.3670686,0.04796411,0.3690933
43100.11017364,0.3457275,0.03553808,0.3721378,0.04856212,0.3780634
43100.11028938,0.3406582,0.03047434,0.3721378,0.04856212,0.3810534
43100.11040530,0.3406582,0.03553808,0.3721378,0.04975813,0.3798574
43100.11052104,0.3355890,0.03047434,0.3619994,0.05155215,0.3714853
43100.11063660,0.3355890,0.02541059,0.3619994,0.04916012,0.3619172
43100.11075252,0.3355890,0.03047434,0.3670686,0.04916012,0.3499571
43100.11086808,0.3406582,0.02541059,0.3721378,0.05394417,0.3415850
43100.11098400,0.3406582,0.02541059,0.3670686,0.04975813,0.3379970
43100.11109956,0.3406582,0.03047434,0.3721378,0.04916012,0.3344090
43100.11121530,0.3355890,0.03553808,0.3670686,0.04916012,0.3320169
43100.11133122,0.3355890,0.03553808,0.3721378,0.05035614,0.3296249
43100.11144696,0.3305197,0.03553808,0.3670686,0.04975813,0.3296249
43100.11156270,0.3355890,0.03553808,0.3670686,0.04916012,0.3332130
43100.11167844,0.3355890,0.03553808,0.3670686,0.04975813,0.3379970
43100.11179418,0.3457275,0.03553808,0.3670686,0.05035614,0.3403890
43100.11190992,0.3406582,0.03047434,0.3619994,0.04796411,0.3379970
43100.11202566,0.3355890,0.03047434,0.3670686,0.04916012,0.3362030
43100.11214140,0.3406582,0.03553808,0.3670686,0.05035614,0.3314189
43100.11225696,0.3406582,0.03553808,0.3670686,0.05095414,0.3290269
43100.11237288,0.3406582,0.03047434,0.3670686,0.05035614,0.3296249
43100.11248844,0.3355890,0.03047434,0.3670686,0.04975813,0.3338110
43100.11260418,0.3355890,0.03553808,0.3670686,0.05155215,0.3356050
43100.11272010,0.3355890,0.03047434,0.3670686,0.04975813,0.3356050
43100.11283584,0.3355890,0.02541059,0.3619994,0.05035614,0.3332130
43100.11295158,0.3406582,0.02034684,0.3619994,0.05155215,0.3302229
43100.11306732,0.3457275,0.03047434,0.3619994,0.05215015,0.3260369
43100.11318306,0.3457275,0.03047434,0.3721378,0.05274816,0.3254389
43100.11329862,0.3507967,0.03047434,0.3721378,0.04856212,0.3320169
43100.11341454,0.3406582,0.03553808,0.3772070,0.04796411,0.3433791
43100.11353028,0.3406582,0.03553808,0.3721378,0.04975813,0.3553392
43100.11364602,0.3406582,0.03553808,0.3721378,0.04856212,0.3672993
43100.11376176,0.3406582,0.04060183,0.3721378,0.04975813,0.3738774
43100.11387750,0.3406582,0.03553808,0.3772070,0.04975813,0.3738774
43100.11399324,0.3406582,0.03553808,0.3721378,0.04856212,0.3672993
43100.11410898,0.3406582,0.04060183,0.3721378,0.04975813,0.3619172
43100.11422472,0.3305197,0.04060183,0.3721378,0.05095414,0.3523491
43100.11434046,0.3305197,0.04060183,0.3772070,0.04975813,0.3421830
43100.11445620,0.3406582,0.03553808,0.3721378,0.04975813,0.3379970
43100.11457194,0.3406582,0.03553808,0.3721378,0.05274816,0.3397910
43100.11468750,0.3355890,0.03553808,0.3670686,0.05215015,0.3433791
43100.11480342,0.3406582,0.03047434,0.3670686,0.05035614,0.3481631
43100.11491898,0.3355890,0.03047434,0.3619994,0.04916012,0.3535452
43100.11503472,0.3406582,0.02541059,0.3619994,0.04975813,0.3583292
43100.11515064,0.3457275,0.02034684,0.3619994,0.05035614,0.3601232
43100.11526638,0.3406582,0.03047434,0.3670686,0.05035614,0.3637113
43100.11538212,0.3457275,0.03047434,0.3772070,0.04856212,0.3655053
43100.11549786,0.3406582,0.04060183,0.3772070,0.04676810,0.3655053
43100.11561343,0.3406582,0.04060183,0.3772070,0.04736611,0.3583292
43100.11572917,0.3406582,0.03553808,0.3772070,0.04796411,0.3493591
43100.11584508,0.3507967,0.03047434,0.3721378,0.04916012,0.3415850
43100.11596082,0.3457275,0.03047434,0.3721378,0.04557209,0.3320169
43100.11607656,0.3406582,0.03047434,0.3721378,0.04975813,0.3278309
43100.11619230,0.3457275,0.03553808,0.3721378,0.04916012,0.3260369
43100.11630804,0.3457275,0.03047434,0.3721378,0.04975813,0.3212528
43100.11642378,0.3457275,0.03553808,0.3721378,0.05035614,0.3176648
43100.11653952,0.3406582,0.03047434,0.3721378,0.04916012,0.3134788
43100.11665526,0.3406582,0.03553808,0.3721378,0.04676810,0.3116847
43100.11677100,0.3406582,0.02541059,0.3721378,0.04676810,0.3176648
43100.11688674,0.3457275,0.02541059,0.3670686,0.04676810,0.3236449
43100.11700248,0.3406582,0.03047434,0.3670686,0.04736611,0.3332130
43100.11711806,0.3406582,0.03047434,0.3721378,0.04796411,0.3415850
43100.11723396,0.3406582,0.03047434,0.3721378,0.04856212,0.3481631
43100.11734954,0.3406582,0.03047434,0.3772070,0.04975813,0.3493591
43100.11746528,0.3406582,0.03047434,0.3721378,0.04856212,0.3499571
43100.11758118,0.3355890,0.03047434,0.3721378,0.04676810,0.3493591
43100.11769692,0.3355890,0.03553808,0.3670686,0.04736611,0.3517511
43100.11781266,0.3355890,0.03553808,0.3721378,0.04796411,0.3493591
43100.11792840,0.3406582,0.03047434,0.3670686,0.04856212,0.3451731
43100.11804414,0.3355890,0.03047434,0.3670686,0.05095414,0.3421830
43100.11815972,0.3406582,0.03047434,0.3721378,0.04856212,0.3379970
43100.11827562,0.3406582,0.03553808,0.3721378,0.04736611,0.3356050
43100.11839136,0.3406582,0.03047434,0.3670686,0.04856212,0.3379970
43100.11850710,0.3355890,0.03047434,0.3670686,0.04856212,0.3475651
43100.11862284,0.3355890,0.03553808,0.3772070,0.05035614,0.3529471
43100.11873858,0.3457275,0.03553808,0.3721378,0.04975813,0.3577312
43100.11885432,0.3457275,0.03047434,0.3772070,0.04916012,0.3583292
43100.11897006,0.3457275,0.03553808,0.3721378,0.05095414,0.3541432
43100.11908580,0.3457275,0.03047434,0.3721378,0.04916012,0.3493591
43100.11920154,0.3457275,0.03047434,0.3670686,0.04796411,0.3457711
43100.11931728,0.3507967,0.02541059,0.3670686,0.04796411,0.3433791
43100.11943302,0.3457275,0.02541059,0.3670686,0.04796411,0.3451731
43100.11954861,0.3406582,0.03553808,0.3670686,0.04676810,0.3469671
43100.11966450,0.3406582,0.04060183,0.3822762,0.04796411,0.3535452
43100.11978009,0.3406582,0.04060183,0.3721378,0.04676810,0.3553392
43100.11989583,0.3406582,0.03047434,0.3670686,0.04676810,0.3577312
43100.12001172,0.3355890,0.03553808,0.3670686,0.04736611,0.3601232
43100.12012746,0.3406582,0.03047434,0.3721378,0.04557209,0.3619172
43100.12024306,0.3457275,0.03047434,0.3721378,0.04497408,0.3619172
43100.12035880,0.3457275,0.03553808,0.3721378,0.04736611,0.3619172
43100.12047468,0.3457275,0.03047434,0.3772070,0.04796411,0.3595252
43100.12059028,0.3406582,0.03047434,0.3721378,0.04676810,0.3535452
43100.12070616,0.3355890,0.03553808,0.3670686,0.04856212,0.3451731
43100.12082190,0.3355890,0.03047434,0.3670686,0.04856212,0.3397910
43100.12093764,0.3406582,0.03047434,0.3721378,0.04975813,0.3439771
43100.12105338,0.3406582,0.04060183,0.3721378,0.04796411,0.3559372
43100.12116912,0.3406582,0.04060183,0.3721378,0.04796411,0.3714853
43100.12128486,0.3355890,0.03047434,0.3721378,0.04856212,0.3858375
43100.12140060,0.3406582,0.03047434,0.3670686,0.04856212,0.3942096
43100.12151634,0.3406582,0.03047434,0.3619994,0.04856212,0.3900235
43100.12163208,0.3406582,0.02541059,0.3670686,0.04975813,0.3780634
43100.12174782,0.3406582,0.03553808,0.3721378,0.04916012,0.3661033
43100.12186356,0.3457275,0.03553808,0.3721378,0.05035614,0.3535452
43100.12197917,0.3406582,0.03047434,0.3721378,0.04676810,0.3433791
43100.12209504,0.3457275,0.02541059,0.3721378,0.04617009,0.3379970
43100.12221065,0.3406582,0.03047434,0.3721378,0.04736611,0.3332130
43100.12232639,0.3355890,0.03553808,0.3721378,0.04796411,0.3314189
43100.12244226,0.3406582,0.03553808,0.3721378,0.04856212,0.3338110
43100.12255800,0.3457275,0.03047434,0.3772070,0.04796411,0.3379970
43100.12267361,0.3406582,0.03047434,0.3721378,0.04736611,0.3415850
43100.12278948,0.3355890,0.03553808,0.3670686,0.04617009,0.3475651
43100.12290522,0.3457275,0.03047434,0.3670686,0.04557209,0.3553392
43100.12302096,0.3457275,0.03047434,0.3721378,0.04736611,0.3613192
43100.12313658,0.3406582,0.03047434,0.3772070,0.04796411,0.3696913
43100.12325232,0.3507967,0.02541059,0.3721378,0.04676810,0.3756714
43100.12336818,0.3507967,0.02034684,0.3721378,0.04437608,0.3804554
43100.12348392,0.3507967,0.02541059,0.3721378,0.04437608,0.3822494
43100.12359954,0.3406582,0.03553808,0.3772070,0.04497408,0.3816514
43100.12371528,0.3457275,0.04060183,0.3772070,0.04557209,0.3816514
43100.12383104,0.3406582,0.03553808,0.3772070,0.04497408,0.3780634
43100.12394688,0.3457275,0.03047434,0.3772070,0.04557209,0.3750734
43100.12406250,0.3406582,0.03553808,0.3670686,0.04437608,0.3708873
43100.12417826,0.3406582,0.03553808,0.3721378,0.04437608,0.3702893
43100.12429400,0.3406582,0.03047434,0.3670686,0.04437608,0.3696913
43100.12440972,0.3457275,0.03047434,0.3670686,0.04557209,0.3696913
43100.12452558,0.3457275,0.03047434,0.3721378,0.04617009,0.3684953
43100.12464122,0.3457275,0.03047434,0.3721378,0.04557209,0.3637113
43100.12475695,0.3457275,0.03553808,0.3772070,0.04437608,0.3619172
43100.12487269,0.3457275,0.03553808,0.3721378,0.04437608,0.3595252
43100.12498854,0.3355890,0.04060183,0.3772070,0.04437608,0.3625152
43100.12510418,0.3406582,0.04060183,0.3772070,0.04617009,0.3655053
43100.12521991,0.3355890,0.03553808,0.3721378,0.04736611,0.3738774
43100.12533576,0.3406582,0.03047434,0.3670686,0.04557209,0.3840435
43100.12545140,0.3406582,0.02541059,0.3670686,0.04736611,0.3900235
43100.12556713,0.3406582,0.03047434,0.3721378,0.04617009,0.3954056
43100.12568287,0.3355890,0.03553808,0.3772070,0.04557209,0.3960036
43100.12579862,0.3355890,0.04060183,0.3721378,0.04557209,0.3971996
43100.12591436,0.3457275,0.03553808,0.3721378,0.04617009,0.4061697
43100.12603020,0.3457275,0.02541059,0.3772070,0.04497408,0.4157378
43100.12614594,0.3457275,0.03047434,0.3721378,0.04617009,0.4270999
43100.12626158,0.3457275,0.03553808,0.3721378,0.04796411,0.4294919
43100.12637742,0.3457275,0.03553808,0.3772070,0.04437608,0.4217178
43100.12649316,0.3457275,0.02541059,0.3772070,0.04676810,0.4031796
43100.12660890,0.3457275,0.02541059,0.3721378,0.04676810,0.3852395
43100.12672464,0.3406582,0.03553808,0.3772070,0.04916012,0.3678973
43100.12684038,0.3406582,0.03553808,0.3772070,0.04856212,0.3613192
43100.12695612,0.3406582,0.03553808,0.3772070,0.04916012,0.3571332
43100.12707176,0.3406582,0.04060183,0.3772070,0.04676810,0.3553392
43100.12718750,0.3406582,0.03553808,0.3772070,0.04736611,0.3541432
43100.12730324,0.3406582,0.03553808,0.3772070,0.04796411,0.3535452
43100.12741898,0.3305197,0.04566557,0.3721378,0.04617009,0.3535452
43100.12753482,0.3406582,0.03553808,0.3822762,0.04557209,0.3553392
43100.12765046,0.3457275,0.03047434,0.3721378,0.04617009,0.3559372
43100.12776620,0.3406582,0.02541059,0.3721378,0.04676810,0.3517511
43100.12788195,0.3406582,0.03047434,0.3721378,0.04796411,0.3451731
43100.12799778,0.3406582,0.03047434,0.3721378,0.04557209,0.3403890
43100.12811343,0.3406582,0.03553808,0.3721378,0.04736611,0.3338110
43100.12822917,0.3457275,0.03047434,0.3721378,0.04557209,0.3338110
43100.12834500,0.3406582,0.03047434,0.3721378,0.04437608,0.3356050
43100.12846074,0.3406582,0.03553808,0.3772070,0.04617009,0.3356050
43100.12857648,0.3406582,0.04060183,0.3772070,0.05155215,0.3332130
43100.12869213,0.3406582,0.04566557,0.3822762,0.04617009,0.3338110
43100.12880796,0.3406582,0.04060183,0.3772070,0.04617009,0.3344090
43100.12892361,0.3406582,0.04060183,0.3721378,0.04796411,0.3332130
43100.12903935,0.3406582,0.03553808,0.3772070,0.04796411,0.3344090
43100.12915509,0.3406582,0.03553808,0.3721378,0.04497408,0.3320169
43100.12927092,0.3406582,0.03553808,0.3721378,0.04617009,0.3278309
43100.12938666,0.3406582,0.03553808,0.3721378,0.04796411,0.3230469
43100.12950232,0.3457275,0.03047434,0.3721378,0.04557209,0.3224488
43100.12961806,0.3457275,0.04060183,0.3772070,0.04736611,0.3212528
43100.12973388,0.3406582,0.03553808,0.3721378,0.04736611,0.3236449
43100.12984954,0.3457275,0.03553808,0.3721378,0.04736611,0.3278309
43100.12996536,0.3406582,0.03553808,0.3772070,0.04617009,0.3302229
43100.13008110,0.3457275,0.03553808,0.3822762,0.04617009,0.3326149
43100.13019676,0.3457275,0.03553808,0.3721378,0.04557209,0.3320169
43100.13031250,0.3457275,0.03047434,0.3721378,0.04557209,0.3272329
43100.13042832,0.3457275,0.03047434,0.3721378,0.04377807,0.3284289
43100.13054406,0.3457275,0.03047434,0.3721378,0.04736611,0.3326149
43100.13065972,0.3507967,0.03553808,0.3721378,0.04617009,0.3332130
43100.13077554,0.3457275,0.03047434,0.3721378,0.04617009,0.3397910
43100.13089128,0.3507967,0.03553808,0.3772070,0.04437608,0.3439771
43100.13100702,0.3457275,0.03553808,0.3772070,0.04557209,0.3457711
43100.13112269,0.3507967,0.04060183,0.3772070,0.04617009,0.3433791
43100.13123850,0.3457275,0.03553808,0.3772070,0.04617009,0.3415850
43100.13135424,0.3406582,0.03553808,0.3772070,0.04377807,0.3421830
43100.13146991,0.3457275,0.03553808,0.3772070,0.04497408,0.3415850
43100.13158565,0.3457275,0.03553808,0.3772070,0.04676810,0.3439771
43100.13170139,0.3457275,0.04060183,0.3822762,0.04497408,0.3457711
43100.13181720,0.3406582,0.04060183,0.3772070,0.04318007,0.3475651
43100.13193287,0.3457275,0.03553808,0.3772070,0.04318007,0.3487611
43100.13204868,0.3457275,0.03047434,0.3721378,0.04437608,0.3517511
43100.13216442,0.3457275,0.03047434,0.3670686,0.04258206,0.3511531
43100.13228009,0.3406582,0.03047434,0.3772070,0.04437608,0.3535452
43100.13239590,0.3457275,0.03047434,0.3772070,0.04736611,0.3559372
43100.13251164,0.3457275,0.03553808,0.3772070,0.04437608,0.3595252
43100.13262732,0.3457275,0.03553808,0.3822762,0.04258206,0.3661033
43100.13274306,0.3457275,0.03553808,0.3772070,0.04497408,0.3720833
43100.13285886,0.3457275,0.03047434,0.3772070,0.04437608,0.3792594
43100.13297460,0.3507967,0.03553808,0.3822762,0.04437608,0.3852395
43100.13309028,0.3457275,0.03553808,0.3772070,0.04198405,0.3894255
43100.13320608,0.3406582,0.03553808,0.3772070,0.04377807,0.3870335
43100.13332182,0.3406582,0.03553808,0.3721378,0.04557209,0.3834455
43100.13343756,0.3406582,0.03553808,0.3772070,0.04676810,0.3774654
43100.13355324,0.3457275,0.03553808,0.3772070,0.04617009,0.3684953
43100.13366904,0.3507967,0.03047434,0.3772070,0.04437608,0.3637113
43100.13378478,0.3457275,0.03553808,0.3772070,0.04497408,0.3655053
43100.13390046,0.3457275,0.03553808,0.3772070,0.04676810,0.3678973
43100.13401626,0.3507967,0.04060183,0.3772070,0.04557209,0.3696913
43100.13413195,0.3457275,0.03047434,0.3721378,0.04437608,0.3720833
43100.13424774,0.3507967,0.03047434,0.3772070,0.04676810,0.3720833
43100.13436343,0.3457275,0.03047434,0.3772070,0.04557209,0.3756714
43100.13447922,0.3507967,0.03047434,0.3772070,0.04437608,0.3786614
43100.13459496,0.3507967,0.02541059,0.3772070,0.04557209,0.3756714
43100.13471070,0.3457275,0.03047434,0.3772070,0.04437608,0.3696913
43100.13482644,0.3507967,0.03047434,0.3721378,0.04377807,0.3661033
43100.13494213,0.3457275,0.03047434,0.3721378,0.04557209,0.3619172
43100.13505792,0.3507967,0.03047434,0.3721378,0.04557209,0.3571332
43100.13517361,0.3457275,0.03047434,0.3772070,0.04497408,0.3583292
43100.13528935,0.3457275,0.03047434,0.3772070,0.04497408,0.3559372
43100.13540514,0.3457275,0.03553808,0.3721378,0.04617009,0.3541432
43100.13552083,0.3457275,0.03047434,0.3721378,0.04497408,0.3499571
43100.13563658,0.3457275,0.03047434,0.3670686,0.04318007,0.3451731
43100.13575232,0.3457275,0.03047434,0.3772070,0.04437608,0.3391930
43100.13586810,0.3457275,0.04060183,0.3873454,0.04557209,0.3373990
43100.13598380,0.3406582,0.04060183,0.3822762,0.04676810,0.3344090
43100.13609954,0.3406582,0.03553808,0.3772070,0.04676810,0.3320169
43100.13621528,0.3406582,0.03553808,0.3721378,0.04557209,0.3296249
43100.13633102,0.3457275,0.03047434,0.3721378,0.04497408,0.3338110
43100.13644680,0.3507967,0.04060183,0.3772070,0.04437608,0.3397910
43100.13656254,0.3507967,0.03553808,0.3822762,0.04318007,0.3499571
43100.13667828,0.3507967,0.03553808,0.3772070,0.04138605,0.3577312
43100.13679398,0.3457275,0.03047434,0.3721378,0.04198405,0.3637113
43100.13690976,0.3457275,0.03553808,0.3772070,0.04258206,0.3684953
43100.13702550,0.3457275,0.03553808,0.3822762,0.04258206,0.3661033
43100.13714121,0.3457275,0.03553808,0.3772070,0.04497408,0.3613192
43100.13725698,0.3457275,0.03553808,0.3772070,0.04557209,0.3559372
43100.13737272,0.3457275,0.03553808,0.3772070,0.04377807,0.3517511
43100.13748846,0.3406582,0.03553808,0.3772070,0.04437608,0.3475651
43100.13760420,0.3457275,0.03553808,0.3772070,0.04318007,0.3475651
43100.13772012,0.3457275,0.04060183,0.3772070,0.04318007,0.3517511
43100.13783568,0.3406582,0.04060183,0.3822762,0.04377807,0.3553392
43100.13795160,0.3406582,0.04566557,0.3822762,0.04437608,0.3583292
43100.13806716,0.3355890,0.04060183,0.3822762,0.04497408,0.3571332
43100.13818309,0.3406582,0.03553808,0.3721378,0.04497408,0.3577312
43100.13829883,0.3406582,0.03553808,0.3822762,0.04437608,0.3595252
43100.13841438,0.3457275,0.03553808,0.3822762,0.04497408,0.3637113
43100.13853030,0.3507967,0.03047434,0.3772070,0.04676810,0.3720833
43100.13864594,0.3457275,0.03553808,0.3772070,0.04557209,0.3774654
43100.13876179,0.3406582,0.03553808,0.3721378,0.04138605,0.3834455
43100.13887734,0.3457275,0.03553808,0.3772070,0.04198405,0.3876315
43100.13899327,0.3457275,0.03047434,0.3772070,0.04138605,0.3971996
43100.13910901,0.3457275,0.03047434,0.3721378,0.04198405,0.4055717
43100.13922475,0.3406582,0.04060183,0.3772070,0.04078804,0.4115517
43100.13934030,0.3457275,0.04060183,0.3822762,0.04019004,0.4121497
43100.13945623,0.3457275,0.03553808,0.3822762,0.04198405,0.4073657
43100.13957196,0.3406582,0.04060183,0.3772070,0.04318007,0.3995916
43100.13968752,0.3406582,0.03553808,0.3772070,0.04138605,0.3912195
43100.13980345,0.3457275,0.03553808,0.3721378,0.04198405,0.3840435
43100.13991919,0.3406582,0.03553808,0.3721378,0.04377807,0.3786614
43100.14003474,0.3457275,0.03553808,0.3721378,0.04377807,0.3714853
43100.14015066,0.3457275,0.03553808,0.3772070,0.04497408,0.3696913
43100.14026622,0.3507967,0.03553808,0.3772070,0.04318007,0.3684953
43100.14038214,0.3457275,0.03553808,0.3822762,0.04138605,0.3702893
43100.14049789,0.3457275,0.03553808,0.3822762,0.04078804,0.3714853
43100.14061352,0.3457275,0.03553808,0.3772070,0.04019004,0.3750734
43100.14072937,0.3507967,0.03047434,0.3822762,0.03839602,0.3858375
43100.14084492,0.3507967,0.03553808,0.3822762,0.04019004,0.3954056
43100.14096085,0.3507967,0.04060183,0.3873454,0.03839602,0.4061697
43100.14107640,0.3406582,0.04566557,0.3772070,0.03959203,0.4175318
43100.14119233,0.3457275,0.03553808,0.3772070,0.04019004,0.4276979
43100.14130807,0.3457275,0.03553808,0.3822762,0.03959203,0.4354720
43100.14142381,0.3507967,0.03553808,0.3822762,0.04078804,0.4414520
43100.14153936,0.3507967,0.03553808,0.3772070,0.04198405,0.4396580
43100.14165529,0.3457275,0.03553808,0.3772070,0.04019004,0.4312859
43100.14177084,0.3457275,0.04060183,0.3822762,0.04258206,0.4181298
43100.14188677,0.3406582,0.04060183,0.3772070,0.04258206,0.4001896
43100.14200251,0.3406582,0.04060183,0.3822762,0.04318007,0.3894255
43100.14211825,0.3457275,0.03553808,0.3822762,0.04198405,0.3876315
43100.14223399,0.3558659,0.03553808,0.3772070,0.04198405,0.3960036
43100.14234954,0.3507967,0.04060183,0.3873454,0.03839602,0.4079637
43100.14246547,0.3406582,0.04060183,0.3822762,0.03779801,0.4217178
43100.14258121,0.3457275,0.04060183,0.3822762,0.04078804,0.4253059
43100.14269676,0.3457275,0.04060183,0.3822762,0.04078804,0.4253059
43100.14281269,0.3457275,0.04060183,0.3822762,0.04138605,0.4235118
43100.14292843,0.3457275,0.04060183,0.3822762,0.03839602,0.4193258
43100.14304398,0.3457275,0.04060183,0.3822762,0.03899402,0.4169338
43100.14315991,0.3457275,0.04060183,0.3822762,0.03959203,0.4199238
43100.14327546,0.3457275,0.04060183,0.3822762,0.04078804,0.4276979
43100.14339139,0.3355890,0.04566557,0.3822762,0.03959203,0.4336780
43100.14350702,0.3457275,0.05072932,0.3873454,0.03839602,0.4372660
43100.14362287,0.3457275,0.04060183,0.3873454,0.03779801,0.4420500
43100.14373861,0.3507967,0.03553808,0.3822762,0.03720001,0.4426480
43100.14385417,0.3507967,0.04060183,0.3822762,0.03839602,0.4396580
43100.14396991,0.3457275,0.04060183,0.3873454,0.04019004,0.4312859
43100.14408565,0.3507967,0.04060183,0.3873454,0.05872822,0.4217178
43100.14420139,0.3457275,0.03553808,0.3822762,0.04019004,0.4061697
43100.14431713,0.3507967,0.03553808,0.3822762,0.04078804,0.3900235
43100.14443305,0.3457275,0.03553808,0.3822762,0.04318007,0.3762694
43100.14454879,0.3507967,0.03047434,0.3772070,0.04258206,0.3696913
43100.14466453,0.3457275,0.03047434,0.3721378,0.04318007,0.3655053
43100.14478009,0.3457275,0.03553808,0.3772070,0.04019004,0.3678973
43100.14489601,0.3507967,0.03553808,0.3822762,0.04198405,0.3756714
43100.14501158,0.3457275,0.04060183,0.3822762,0.04078804,0.3876315
43100.14512732,0.3457275,0.04060183,0.3822762,0.04019004,0.4025816
43100.14524306,0.3457275,0.04060183,0.3873454,0.03899402,0.4157378
43100.14535880,0.3507967,0.03553808,0.3873454,0.04019004,0.4229138
43100.14547454,0.3507967,0.03553808,0.3822762,0.04138605,0.4247079
43100.14559028,0.3507967,0.03047434,0.3772070,0.03899402,0.4253059
43100.14570619,0.3457275,0.04060183,0.3772070,0.03899402,0.4229138
43100.14582193,0.3457275,0.04060183,0.3772070,0.04019004,0.4205218
43100.14593767,0.3457275,0.03553808,0.3822762,0.04019004,0.4235118
43100.14605341,0.3457275,0.04060183,0.3873454,0.03839602,0.4235118
43100.14616915,0.3457275,0.04060183,0.3822762,0.03839602,0.4211198
43100.14628521,0.3507967,0.03553808,0.3772070,0.04198405,0.4175318
43100.14663195,0.3457275,0.03553808,0.3822762,0.03839602,0.3989936
43100.14674769,0.3507967,0.04060183,0.3873454,0.03959203,0.3942096
43100.14686343,0.3457275,0.04566557,0.3873454,0.03959203,0.3876315
43100.14697917,0.3457275,0.04566557,0.3873454,0.03959203,0.3840435
43100.14709491,0.3457275,0.04566557,0.3822762,0.04019004,0.3822494
43100.14721065,0.3457275,0.03553808,0.3772070,0.03959203,0.3822494
43100.14732639,0.3457275,0.04060183,0.3822762,0.03959203,0.3834455
43100.14744213,0.3457275,0.04060183,0.3772070,0.03899402,0.3816514
43100.14755787,0.3457275,0.04060183,0.3822762,0.03959203,0.3774654
43100.14767361,0.3457275,0.04566557,0.3822762,0.04019004,0.3738774
43100.14778935,0.3457275,0.04566557,0.3873454,0.03959203,0.3678973
43100.14790509,0.3457275,0.05072932,0.3924146,0.04078804,0.3661033
43100.14802083,0.3507967,0.03553808,0.3822762,0.04138605,0.3655053
43100.14813658,0.3457275,0.03047434,0.3772070,0.04138605,0.3655053
43100.14825232,0.3457275,0.03553808,0.3822762,0.04258206,0.3672993
43100.14836806,0.3507967,0.04060183,0.3822762,0.04198405,0.3684953
43100.14848380,0.3457275,0.04060183,0.3822762,0.03959203,0.3678973
43100.14859954,0.3406582,0.04060183,0.3772070,0.04138605,0.3678973
43100.14871528,0.3406582,0.03553808,0.3822762,0.04078804,0.3678973
43100.14883102,0.3406582,0.04566557,0.3772070,0.03959203,0.3714853
43100.14894676,0.3406582,0.04566557,0.3873454,0.04078804,0.3714853
43100.14906250,0.3457275,0.05072932,0.3924146,0.03959203,0.3720833
43100.14917824,0.3507967,0.04566557,0.3873454,0.03720001,0.3672993
43100.14929398,0.3457275,0.03553808,0.3822762,0.04019004,0.3613192
43100.14940972,0.3457275,0.04566557,0.3772070,0.04138605,0.3577312
43100.14952546,0.3457275,0.04060183,0.3822762,0.04138605,0.3553392
43100.14964121,0.3507967,0.04060183,0.3873454,0.04078804,0.3535452
43100.14975695,0.3457275,0.04060183,0.3822762,0.03779801,0.3559372
43100.14987269,0.3457275,0.04566557,0.3822762,0.03899402,0.3583292
43100.14998843,0.3457275,0.04566557,0.3873454,0.03959203,0.3619172
43100.15010417,0.3406582,0.04060183,0.3873454,0.03839602,0.3696913
43100.15021991,0.3507967,0.04060183,0.3873454,0.03600399,0.3774654
43100.15033565,0.3507967,0.04060183,0.3873454,0.03959203,0.3882295
43100.15045139,0.3507967,0.04060183,0.3873454,0.03779801,0.3942096
43100.15056713,0.3558659,0.04060183,0.3873454,0.03899402,0.3977976
43100.15068287,0.3507967,0.04060183,0.3822762,0.03899402,0.4037777
43100.15079861,0.3457275,0.04060183,0.3873454,0.03660200,0.4079637
43100.15091435,0.3457275,0.04566557,0.3873454,0.03720001,0.4175318
43100.15103009,0.3457275,0.04060183,0.3873454,0.03779801,0.4270999
43100.15114583,0.3457275,0.03553808,0.3822762,0.03959203,0.4372660
43100.15126158,0.3457275,0.04060183,0.3873454,0.03779801,0.4456381
43100.15137732,0.3507967,0.04060183,0.3822762,0.03540599,0.4498241
43100.15149306,0.3507967,0.03553808,0.3772070,0.03660200,0.4504221
43100.15160880,0.3457275,0.04060183,0.3873454,0.03660200,0.4432460
43100.15172454,0.3406582,0.04566557,0.3873454,0.03720001,0.4354720
43100.15184028,0.3457275,0.04566557,0.3924146,0.03660200,0.4259039
43100.15195602,0.3457275,0.04566557,0.3873454,0.03959203,0.4139438
43100.15207176,0.3507967,0.04566557,0.3822762,0.04019004,0.4037777
43100.15218750,0.3457275,0.04566557,0.3873454,0.03839602,0.3960036
43100.15230324,0.3507967,0.04060183,0.3873454,0.03839602,0.3894255
43100.15241898,0.3507967,0.03553808,0.3873454,0.03899402,0.3876315
43100.15253472,0.3558659,0.03553808,0.3873454,0.04078804,0.3852395
43100.15265046,0.3558659,0.03047434,0.3822762,0.03899402,0.3798574
43100.15276620,0.3558659,0.03553808,0.3822762,0.03779801,0.3756714
43100.15288195,0.3558659,0.03553808,0.3873454,0.03959203,0.3762694
43100.15299769,0.3457275,0.04060183,0.3873454,0.03839602,0.3780634
43100.15311343,0.3507967,0.04566557,0.3924146,0.03779801,0.3834455
43100.15322917,0.3457275,0.04060183,0.3924146,0.03779801,0.3900235
43100.15334491,0.3507967,0.04060183,0.3924146,0.03480798,0.3977976
43100.15346065,0.3558659,0.04566557,0.3873454,0.03720001,0.4037777
43100.15357639,0.3507967,0.04060183,0.3924146,0.03660200,0.4139438
43100.15369213,0.3457275,0.04566557,0.3924146,0.03779801,0.4199238
43100.15380787,0.3558659,0.04566557,0.3873454,0.03779801,0.4259039
43100.15392361,0.3507967,0.04060183,0.3822762,0.03660200,0.4270999
43100.15403935,0.3507967,0.04060183,0.3873454,0.03720001,0.4253059
43100.15415509,0.3507967,0.04566557,0.3924146,0.03720001,0.4193258
43100.15427083,0.3507967,0.04566557,0.3873454,0.03839602,0.4157378
43100.15438669,0.3457275,0.04060183,0.3873454,0.03959203,0.4115517
43100.15450243,0.3406582,0.04566557,0.3873454,0.03899402,0.4079637
43100.15461817,0.3507967,0.04566557,0.3873454,0.03899402,0.4079637
43100.15473391,0.3507967,0.04060183,0.3873454,0.03720001,0.4097577
43100.15484954,0.3507967,0.03047434,0.3772070,0.03839602,0.4133457
43100.15496539,0.3507967,0.03553808,0.3822762,0.03779801,0.4175318
43100.15508113,0.3507967,0.03047434,0.3822762,0.03660200,0.4235118
43100.15519676,0.3457275,0.04060183,0.3822762,0.03660200,0.4318839
43100.15531261,0.3507967,0.03553808,0.3822762,0.03540599,0.4390600
43100.15542835,0.3457275,0.04566557,0.3873454,0.03540599,0.4534121
43100.15554409,0.3457275,0.04060183,0.3873454,0.03540599,0.4701563
43100.15565972,0.3507967,0.04060183,0.3873454,0.03660200,0.4880965
43100.15577557,0.3507967,0.04566557,0.3924146,0.03420998,0.4994586
43100.15589131,0.3457275,0.04566557,0.3873454,0.03420998,0.5054387
43100.15600695,0.3457275,0.04060183,0.3873454,0.03540599,0.5054387
43100.15612279,0.3457275,0.04060183,0.3873454,0.03720001,0.4964686
43100.15623853,0.3507967,0.03553808,0.3822762,0.03720001,0.4773324
43100.15635427,0.3507967,0.03553808,0.3873454,0.03600399,0.4617842
43100.15647001,0.3507967,0.04566557,0.3873454,0.03660200,0.4474321
43100.15658575,0.3457275,0.04566557,0.3873454,0.03720001,0.4378640
43100.15670149,0.3507967,0.04060183,0.3873454,0.03480798,0.4312859
43100.15681723,0.3406582,0.04566557,0.3924146,0.03600399,0.4270999
43100.15693297,0.3507967,0.04566557,0.3924146,0.03839602,0.4270999
43100.15704871,0.3507967,0.04060183,0.3924146,0.04497408,0.4270999
43100.15716445,0.3507967,0.04060183,0.3924146,0.03540599,0.4270999
43100.15728019,0.3507967,0.04060183,0.3873454,0.03779801,0.4312859
43100.15739593,0.3507967,0.04060183,0.3873454,0.03600399,0.4396580
43100.15751167,0.3507967,0.04060183,0.3873454,0.03361197,0.4450401
43100.15762732,0.3507967,0.04060183,0.3873454,0.03660200,0.4540102
43100.15774315,0.3507967,0.04060183,0.3924146,0.03480798,0.4617842
43100.15785889,0.3457275,0.04566557,0.3873454,0.03540599,0.4701563
43100.15797463,0.3457275,0.04566557,0.3873454,0.03420998,0.4719503
43100.15809028,0.3507967,0.04566557,0.3924146,0.03480798,0.4707543
43100.15820611,0.3507967,0.04060183,0.3924146,0.03779801,0.4635782
43100.15832185,0.3507967,0.04060183,0.3873454,0.03839602,0.4552062
43100.15843750,0.3507967,0.05072932,0.3974838,0.03720001,0.4468341
43100.15855333,0.3507967,0.05072932,0.3924146,0.03660200,0.4468341
43100.15866907,0.3507967,0.05072932,0.3924146,0.03420998,0.4581962
43100.15878481,0.3507967,0.05072932,0.3924146,0.03660200,0.4647743
43101.49686348,0.4420431,0.06592056,0.4988679,0.07607039,0.3894255
