    0,2019/05/20,00:00:03,25,0,0,0
    1,2019/05/20,00:00:44,24.7,0,0,0
    2,2019/05/20,00:01:24,24.6,0,0,0
    3,2019/05/20,00:02:04,24.1,0,0,0
    4,2019/05/20,00:02:46,23,0,0,0
    5,2019/05/20,00:03:29,21.8,0,0,0
    6,2019/05/20,00:04:13,21,0,0,0
    7,2019/05/20,00:04:59,21.4,0,0,0
    8,2019/05/20,00:05:45,21,0,0,0
    9,2019/05/20,00:06:33,21.9,0,0,0
   10,2019/05/20,00:07:23,22.1,0,0,0
   11,2019/05/20,00:08:12,24.1,0,0,0
   12,2019/05/20,00:09:02,25,0,0,0
   13,2019/05/20,00:09:51,25.2,0,0,0
   14,2019/05/20,00:10:41,26,0,0,0
   15,2019/05/20,00:11:30,26,0,0,0
   16,2019/05/20,00:12:20,25.5,0,0,0
   17,2019/05/20,00:13:09,25,0,0,0
   18,2019/05/20,00:13:58,23.7,0,0,0
   19,2019/05/20,00:14:48,22.5,0,0,0
   20,2019/05/20,00:15:37,22.6,0,0,0
   21,2019/05/20,00:16:27,23,0,0,0
   22,2019/05/20,00:17:16,23.4,0,0,0
   23,2019/05/20,00:18:05,24.1,0,0,0
   24,2019/05/20,00:18:55,25.8,0,0,0
   25,2019/05/20,00:19:44,26,0,0,0
   26,2019/05/20,00:20:33,26,0,0,0
   27,2019/05/20,00:21:23,25.5,0,0,0
   28,2019/05/20,00:22:12,25,0,0,0
   29,2019/05/20,00:23:02,24.4,0,0,0
   30,2019/05/20,00:23:51,23.8,0,0,0
   31,2019/05/20,00:24:40,22.3,0,0,0
   32,2019/05/20,00:25:30,23,0,0,0
   33,2019/05/20,00:26:19,23,0,0,0
   34,2019/05/20,00:27:08,23,0,0,0
   35,2019/05/20,00:27:57,22,0,0,0
   36,2019/05/20,00:28:43,22.6,0,0,0
   37,2019/05/20,00:29:29,23,0,0,0
   38,2019/05/20,00:30:13,23.1,0,0,0
   39,2019/05/20,00:30:56,23,0,0,0
   40,2019/05/20,00:31:38,23,0,0,0
   41,2019/05/20,00:32:19,23,0,0,0
   42,2019/05/20,00:32:59,22.4,0,0,0
   43,2019/05/20,00:33:39,22,0,0,0
   44,2019/05/20,00:34:20,21.3,0,0,0
   45,2019/05/20,00:35:00,21.8,0,0,0
   46,2019/05/20,00:35:40,24.3,0,0,0
   47,2019/05/20,00:36:21,24.7,0,0,0
   48,2019/05/20,00:37:01,25.1,0,0,0
   49,2019/05/20,00:37:42,25.3,0,0,0
   50,2019/05/20,00:38:22,24.5,0,0,0
   51,2019/05/20,00:39:02,24.1,0,0,0
   52,2019/05/20,00:39:43,23.5,0,0,0
   53,2019/05/20,00:40:23,22.5,0,0,0
   54,2019/05/20,00:41:03,22,0,0,0
   55,2019/05/20,00:41:44,22.2,0,0,0
   56,2019/05/20,00:42:24,24.5,0,0,0
   57,2019/05/20,00:43:05,24,0,0,0
   58,2019/05/20,00:43:45,23.1,0,0,0
   59,2019/05/20,00:44:25,23.8,0,0,0
   60,2019/05/20,00:45:06,24.3,0,0,0
   61,2019/05/20,00:45:46,25,0,0,0
   62,2019/05/20,00:46:26,23.9,0,0,0
   63,2019/05/20,00:47:07,21,0,0,0
   64,2019/05/20,00:47:47,21.3,0,0,0
   65,2019/05/20,00:48:28,22,0,0,0
   66,2019/05/20,00:49:08,22,0,0,0
   67,2019/05/20,00:49:48,22,0,0,0
   68,2019/05/20,00:50:29,20.8,0,0,0
   69,2019/05/20,00:51:09,20.2,0,0,0
   70,2019/05/20,00:51:49,21.7,0,0,0
   71,2019/05/20,00:52:30,22,0,0,0
   72,2019/05/20,00:53:10,22.7,0,0,0
   73,2019/05/20,00:53:51,23,0,0,0
   74,2019/05/20,00:54:31,23.7,0,0,0
   75,2019/05/20,00:55:11,23.3,0,0,0
   76,2019/05/20,00:55:52,23.5,0,0,0
   77,2019/05/20,00:56:32,23.1,0,0,0
   78,2019/05/20,00:57:12,22.5,0,0,0
   79,2019/05/20,00:57:53,22,0,0,0
   80,2019/05/20,00:58:33,21,0,0,0
   81,2019/05/20,00:59:14,21,0,0,0
   82,2019/05/20,00:59:54,21,0,0,0
   83,2019/05/20,01:00:34,22.5,0,0,0
   84,2019/05/20,01:01:15,23,0,0,0
   85,2019/05/20,01:01:55,23.5,0,0,0
   86,2019/05/20,01:02:35,23.4,0,0,0
   87,2019/05/20,01:03:16,23,0,0,0
   88,2019/05/20,01:03:56,23.2,0,0,0
   89,2019/05/20,01:04:37,24,0,0,0
   90,2019/05/20,01:05:17,23.3,0,0,0
   91,2019/05/20,01:05:57,22.4,0,0,0
   92,2019/05/20,01:06:38,22.5,0,0,0
   93,2019/05/20,01:07:18,22,0,0,0
   94,2019/05/20,01:07:58,23.2,0,0,0
   95,2019/05/20,01:08:39,23,0,0,0
   96,2019/05/20,01:09:19,22.8,0,0,0
   97,2019/05/20,01:10:00,22,0,0,0
   98,2019/05/20,01:10:40,21.5,0,0,0
   99,2019/05/20,01:11:20,21.9,0,0,0
  100,2019/05/20,01:12:01,21.9,0,0,0
  101,2019/05/20,01:12:41,22,0,0,0
  102,2019/05/20,01:13:22,22,0,0,0
  103,2019/05/20,01:14:02,22.3,0,0,0
  104,2019/05/20,01:14:42,22,0,0,0
  105,2019/05/20,01:15:23,21.4,0,0,0
  106,2019/05/20,01:16:03,21.2,0,0,0
  107,2019/05/20,01:16:43,22,0,0,0
  108,2019/05/20,01:17:24,22,0,0,0
  109,2019/05/20,01:18:04,22.8,0,0,0
  110,2019/05/20,01:18:45,22.1,0,0,0
  111,2019/05/20,01:19:25,23,0,0,0
  112,2019/05/20,01:20:05,23,0,0,0
  113,2019/05/20,01:20:46,23,0,0,0
  114,2019/05/20,01:21:26,22.7,0,0,0
  115,2019/05/20,01:22:06,22,0,0,0
  116,2019/05/20,01:22:47,21.5,0,0,0
  117,2019/05/20,01:23:27,21,0,0,0
  118,2019/05/20,01:24:08,20.6,0,0,0
  119,2019/05/20,01:24:48,20.4,0,0,0
  120,2019/05/20,01:25:28,21,0,0,0
  121,2019/05/20,01:26:09,21.5,0,0,0
  122,2019/05/20,01:26:49,22,0,0,0
  123,2019/05/20,01:27:30,21.9,0,0,0
  124,2019/05/20,01:28:10,21,0,0,0
  125,2019/05/20,01:28:50,21,0,0,0
  126,2019/05/20,01:29:31,21.3,0,0,0
  127,2019/05/20,01:30:11,21.6,0,0,0
  128,2019/05/20,01:30:51,20.6,0,0,0
  129,2019/05/20,01:31:32,21.4,0,0,0
  130,2019/05/20,01:32:12,22,0,0,0
  131,2019/05/20,01:32:53,22.6,0,0,0
  132,2019/05/20,01:33:33,23,0,0,0
  133,2019/05/20,01:34:13,21.4,0,0,0
  134,2019/05/20,01:34:54,21,0,0,0
  135,2019/05/20,01:35:34,21,0,0,0
  136,2019/05/20,01:36:14,21.3,0,0,0
  137,2019/05/20,01:36:55,23.6,0,0,0
  138,2019/05/20,01:37:35,23.6,0,0,0
  139,2019/05/20,01:38:16,23,0,0,0
  140,2019/05/20,01:38:56,21.5,0,0,0
  141,2019/05/20,01:39:36,21.9,0,0,0
  142,2019/05/20,01:40:17,21.5,0,0,0
  143,2019/05/20,01:40:57,21.3,0,0,0
  144,2019/05/20,01:41:37,21,0,0,0
  145,2019/05/20,01:42:18,21,0,0,0
  146,2019/05/20,01:42:58,21.8,0,0,0
  147,2019/05/20,01:43:39,22,0,0,0
  148,2019/05/20,01:44:19,22,0,0,0
  149,2019/05/20,01:44:59,21.9,0,0,0
  150,2019/05/20,01:45:40,21,0,0,0
  151,2019/05/20,01:46:20,21.3,0,0,0
  152,2019/05/20,01:47:01,21,0,0,0
  153,2019/05/20,01:47:41,20.6,0,0,0
  154,2019/05/20,01:48:21,20,0,0,0
  155,2019/05/20,01:49:02,20,0,0,0
  156,2019/05/20,01:49:42,20.5,0,0,0
  157,2019/05/20,01:50:22,20,0,0,0
  158,2019/05/20,01:51:03,19,0,0,0
  159,2019/05/20,01:51:43,20.6,0,0,0
  160,2019/05/20,01:52:24,20.6,0,0,0
  161,2019/05/20,01:53:04,22.1,0,0,0
  162,2019/05/20,01:53:44,22.8,0,0,0
  163,2019/05/20,01:54:25,22,0,0,0
  164,2019/05/20,01:55:05,22,0,0,0
  165,2019/05/20,01:55:45,22,0,0,0
  166,2019/05/20,01:56:26,22.9,0,0,0
  167,2019/05/20,01:57:06,24,0,0,0
  168,2019/05/20,01:57:47,23.6,0,0,0
  169,2019/05/20,01:58:27,24.6,0,0,0
  170,2019/05/20,01:59:07,24.2,0,0,0
  171,2019/05/20,01:59:48,24.1,0,0,0
  172,2019/05/20,02:00:28,23.2,0,0,0
  173,2019/05/20,02:01:09,22.9,0,0,0
  174,2019/05/20,02:01:49,22,0,0,0
  175,2019/05/20,02:02:29,21.8,0,0,0
  176,2019/05/20,02:03:10,21.6,0,0,0
  177,2019/05/20,02:03:50,22.7,0,0,0
  178,2019/05/20,02:04:30,24,0,0,0
  179,2019/05/20,02:05:11,23.5,0,0,0
  180,2019/05/20,02:05:51,23,0,0,0
  181,2019/05/20,02:06:32,22.3,0,0,0
  182,2019/05/20,02:07:12,22,0,0,0
  183,2019/05/20,02:07:52,21.8,0,0,0
  184,2019/05/20,02:08:33,22.5,0,0,0
  185,2019/05/20,02:09:13,22,0,0,0
  186,2019/05/20,02:09:53,22,0,0,0
  187,2019/05/20,02:10:34,22,0,0,0
  188,2019/05/20,02:11:14,21.2,0,0,0
  189,2019/05/20,02:11:55,21.8,0,0,0
  190,2019/05/20,02:12:35,21.5,0,0,0
  191,2019/05/20,02:13:15,22,0,0,0
  192,2019/05/20,02:13:56,21.4,0,0,0
  193,2019/05/20,02:14:36,21,0,0,0
  194,2019/05/20,02:15:16,20,0,0,0
  195,2019/05/20,02:15:57,20,0,0,0
  196,2019/05/20,02:16:37,20.8,0,0,0
  197,2019/05/20,02:17:18,21,0,0,0
  198,2019/05/20,02:17:58,22,0,0,0
  199,2019/05/20,02:18:38,22.8,0,0,0
  200,2019/05/20,02:19:19,22.5,0,0,0
  201,2019/05/20,02:19:59,22.8,0,0,0
  202,2019/05/20,02:20:40,23.5,0,0,0
  203,2019/05/20,02:21:20,22.9,0,0,0
  204,2019/05/20,02:22:00,23,0,0,0
  205,2019/05/20,02:22:41,21.6,0,0,0
  206,2019/05/20,02:23:21,20.2,0,0,0
  207,2019/05/20,02:24:01,21,0,0,0
  208,2019/05/20,02:24:42,21.3,0,0,0
  209,2019/05/20,02:25:22,22,0,0,0
  210,2019/05/20,02:26:03,22,0,0,0
  211,2019/05/20,02:26:43,21.5,0,0,0
  212,2019/05/20,02:27:23,20.3,0,0,0
  213,2019/05/20,02:28:04,19,0,0,0
  214,2019/05/20,02:28:44,19,0,0,0
  215,2019/05/20,02:29:24,19,0,0,0
  216,2019/05/20,02:30:05,20.5,0,0,0
  217,2019/05/20,02:30:45,22,0,0,0
  218,2019/05/20,02:31:26,21.3,0,0,0
  219,2019/05/20,02:32:06,21,0,0,0
  220,2019/05/20,02:32:46,20.9,0,0,0
  221,2019/05/20,02:33:27,20.5,0,0,0
  222,2019/05/20,02:34:07,21.9,0,0,0
  223,2019/05/20,02:34:48,21.9,0,0,0
  224,2019/05/20,02:35:28,21,0,0,0
  225,2019/05/20,02:36:08,21.4,0,0,0
  226,2019/05/20,02:36:49,21.7,0,0,0
  227,2019/05/20,02:37:29,22.4,0,0,0
  228,2019/05/20,02:38:09,22.6,0,0,0
  229,2019/05/20,02:38:50,21.4,0,0,0
  230,2019/05/20,02:39:30,21,0,0,0
  231,2019/05/20,02:40:11,20.3,0,0,0
  232,2019/05/20,02:40:51,21,0,0,0
  233,2019/05/20,02:41:31,21,0,0,0
  234,2019/05/20,02:42:12,21,0,0,0
  235,2019/05/20,02:42:52,21,0,0,0
  236,2019/05/20,02:43:32,20.8,0,0,0
  237,2019/05/20,02:44:13,20,0,0,0
  238,2019/05/20,02:44:53,20.8,0,0,0
  239,2019/05/20,02:45:34,21,0,0,0
  240,2019/05/20,02:46:14,21.4,0,0,0
  241,2019/05/20,02:46:54,21.9,0,0,0
  242,2019/05/20,02:47:35,21.6,0,0,0
  243,2019/05/20,02:48:15,21.3,0,0,0
  244,2019/05/20,02:48:55,21.7,0,0,0
  245,2019/05/20,02:49:36,22,0,0,0
  246,2019/05/20,02:50:16,21.1,0,0,0
  247,2019/05/20,02:50:57,21.7,0,0,0
  248,2019/05/20,02:51:37,21,0,0,0
  249,2019/05/20,02:52:17,21.2,0,0,0
  250,2019/05/20,02:52:58,22,0,0,0
  251,2019/05/20,02:53:38,23.4,0,0,0
  252,2019/05/20,02:54:19,25,0,0,0
  253,2019/05/20,02:54:59,24.6,0,0,0
  254,2019/05/20,02:55:39,24.8,0,0,0
  255,2019/05/20,02:56:20,23,0,0,0
  256,2019/05/20,02:57:00,22.6,0,0,0
  257,2019/05/20,02:57:40,22,0,0,0
  258,2019/05/20,02:58:21,22,0,0,0
  259,2019/05/20,02:59:01,23.8,0,0,0
  260,2019/05/20,02:59:42,24,0,0,0
  261,2019/05/20,03:00:22,24,0,0,0
  262,2019/05/20,03:01:02,23.8,0,0,0
  263,2019/05/20,03:01:43,23,0,0,0
  264,2019/05/20,03:02:23,23.4,0,0,0
  265,2019/05/20,03:03:04,24.8,0,0,0
  266,2019/05/20,03:03:44,24.4,0,0,0
  267,2019/05/20,03:04:24,24,0,0,0
  268,2019/05/20,03:05:05,24,0,0,0
  269,2019/05/20,03:05:45,24,0,0,0
  270,2019/05/20,03:06:25,24.8,0,0,0
  271,2019/05/20,03:07:06,25,0,0,0
  272,2019/05/20,03:07:46,24,0,0,0
  273,2019/05/20,03:08:27,24.5,0,0,0
  274,2019/05/20,03:09:07,23.5,0,0,0
  275,2019/05/20,03:09:47,24,0,0,0
  276,2019/05/20,03:10:28,24.4,0,0,0
  277,2019/05/20,03:11:08,24,0,0,0
  278,2019/05/20,03:11:48,24,0,0,0
  279,2019/05/20,03:12:29,22.4,0,0,0
  280,2019/05/20,03:13:09,22.6,0,0,0
  281,2019/05/20,03:13:50,24.5,0,0,0
  282,2019/05/20,03:14:30,25,0,0,0
  283,2019/05/20,03:15:10,25,0,0,0
  284,2019/05/20,03:15:51,24.7,0,0,0
  285,2019/05/20,03:16:31,25,0,0,0
  286,2019/05/20,03:17:11,25.2,0,0,0
  287,2019/05/20,03:17:52,25.5,0,0,0
  288,2019/05/20,03:18:32,24.3,0,0,0
  289,2019/05/20,03:19:13,23,0,0,0
  290,2019/05/20,03:19:53,23,0,0,0
  291,2019/05/20,03:20:33,23.2,0,0,0
  292,2019/05/20,03:21:14,25.3,0,0,0
  293,2019/05/20,03:21:54,26,0,0,0
  294,2019/05/20,03:22:35,24.4,0,0,0
  295,2019/05/20,03:23:15,24,0,0,0
  296,2019/05/20,03:23:55,24.9,0,0,0
  297,2019/05/20,03:24:36,25.2,0,0,0
  298,2019/05/20,03:25:16,27,0,0,0
  299,2019/05/20,03:25:56,27.2,0,0,0
  300,2019/05/20,03:26:37,28,0,0,0
  301,2019/05/20,03:27:17,27.4,0,0,0
  302,2019/05/20,03:27:58,27,0,0,0
  303,2019/05/20,03:28:38,27,0,0,0
  304,2019/05/20,03:29:18,27,0,0,0
  305,2019/05/20,03:29:59,27,0,0,0
  306,2019/05/20,03:30:39,26.5,0,0,0
  307,2019/05/20,03:31:19,28.1,0,0,0
  308,2019/05/20,03:32:00,28.9,0,0,0
  309,2019/05/20,03:32:40,28,0,0,0
  310,2019/05/20,03:33:21,27.7,0,0,0
  311,2019/05/20,03:34:01,26,0,0,0
  312,2019/05/20,03:34:41,26.6,0,0,0
  313,2019/05/20,03:35:22,28.5,0,0,0
  314,2019/05/20,03:36:02,28.4,0,0,0
  315,2019/05/20,03:36:42,29.5,0,0,0
  316,2019/05/20,03:37:23,28.4,0,0,0
  317,2019/05/20,03:38:03,28.5,0,0,0
  318,2019/05/20,03:38:44,28,0,0,0
  319,2019/05/20,03:39:24,26.5,0,0,0
  320,2019/05/20,03:40:04,27.9,0,0,0
  321,2019/05/20,03:40:45,27.8,0,0,0
  322,2019/05/20,03:41:25,28,0,0,0
  323,2019/05/20,03:42:06,27.8,0,0,0
  324,2019/05/20,03:42:46,27.5,0,0,0
  325,2019/05/20,03:43:26,26.6,0,0,0
  326,2019/05/20,03:44:07,26,0,0,0
  327,2019/05/20,03:44:47,26,0,0,0
  328,2019/05/20,03:45:27,26.7,0,0,0
  329,2019/05/20,03:46:08,29.2,0,0,0
  330,2019/05/20,03:46:48,31,0,0,0
  331,2019/05/20,03:47:29,29.4,0,0,0
  332,2019/05/20,03:48:09,29,0,0,0
  333,2019/05/20,03:48:49,25.2,0,0,0
  334,2019/05/20,03:49:30,25,0,0,0
  335,2019/05/20,03:50:10,25,0,0,0
  336,2019/05/20,03:50:50,24.1,0,0,0
  337,2019/05/20,03:51:31,22.3,0,0,0
  338,2019/05/20,03:52:11,21.5,0,0,0
  339,2019/05/20,03:52:52,21,0,0,0
  340,2019/05/20,03:53:32,21.5,0,0,0
  341,2019/05/20,03:54:12,22.4,0,0,0
  342,2019/05/20,03:54:53,23,0,0,0
  343,2019/05/20,03:55:33,23.4,0,0,0
  344,2019/05/20,03:56:13,24.7,0,0,0
  345,2019/05/20,03:56:54,25,0,0,0
  346,2019/05/20,03:57:34,24.1,0,0,0
  347,2019/05/20,03:58:15,24,0,0,0
  348,2019/05/20,03:58:55,21.7,0,0,0
  349,2019/05/20,03:59:35,20.7,0,0,0
  350,2019/05/20,04:00:16,20,0,0,0
  351,2019/05/20,04:00:56,22.7,0,0,0
  352,2019/05/20,04:01:37,26,0,0,0
  353,2019/05/20,04:02:17,28.7,0,0,0
  354,2019/05/20,04:02:57,30.8,0,0,0
  355,2019/05/20,04:03:38,28.6,0,0,0
  356,2019/05/20,04:04:18,28,0,0,0
  357,2019/05/20,04:04:58,25.4,0,0,0
  358,2019/05/20,04:05:39,25,0,0,0
  359,2019/05/20,04:06:19,23,0,0,0
  360,2019/05/20,04:07:00,22.4,0,0,0
  361,2019/05/20,04:07:40,21.5,0,0,0
  362,2019/05/20,04:08:20,22.3,0,0,0
  363,2019/05/20,04:09:01,23,0,0,0
  364,2019/05/20,04:09:41,23.4,0,0,0
  365,2019/05/20,04:10:21,23.7,0,0,0
  366,2019/05/20,04:11:02,23.6,0,0,0
  367,2019/05/20,04:11:42,23.6,0,0,0
  368,2019/05/20,04:12:23,22.5,0,0,0
  369,2019/05/20,04:13:03,22,0,0,0
  370,2019/05/20,04:13:43,20.2,0,0,0
  371,2019/05/20,04:14:24,20.1,0,0,0
  372,2019/05/20,04:15:04,22.8,0,0,0
  373,2019/05/20,04:15:44,23.4,0,0,0
  374,2019/05/20,04:16:25,25.9,0,0,0
  375,2019/05/20,04:17:05,24.7,0,0,0
  376,2019/05/20,04:17:46,24.5,0,0,0
  377,2019/05/20,04:18:26,24,0,0,0
  378,2019/05/20,04:19:06,23,0,0,0
  379,2019/05/20,04:19:47,23.6,0,0,0
  380,2019/05/20,04:20:27,24,0,0,0
  381,2019/05/20,04:21:07,24,0,0,0
  382,2019/05/20,04:21:48,24,0,0,0
  383,2019/05/20,04:22:28,23.5,0,0,0
  384,2019/05/20,04:23:09,24,0,0,0
  385,2019/05/20,04:23:49,23.5,0,0,0
  386,2019/05/20,04:24:29,24,0,0,0
  387,2019/05/20,04:25:10,23.4,0,0,0
  388,2019/05/20,04:25:50,22.8,0,0,0
  389,2019/05/20,04:26:31,23.2,0,0,0
  390,2019/05/20,04:27:11,23.4,0,0,0
  391,2019/05/20,04:27:51,23.3,0,0,0
  392,2019/05/20,04:28:32,23.3,0,0,0
  393,2019/05/20,04:29:12,23,0,0,0
  394,2019/05/20,04:29:52,23,0,0,0
  395,2019/05/20,04:30:33,23,0,0,0
  396,2019/05/20,04:31:13,22.4,0,0,0
  397,2019/05/20,04:31:54,22,0,0,0
  398,2019/05/20,04:32:34,22,0,0,0
  399,2019/05/20,04:33:14,22.3,0,0,0
  400,2019/05/20,04:33:55,23,0,0,0
  401,2019/05/20,04:34:35,23.2,0,0,0
  402,2019/05/20,04:35:15,24,0,0,0
  403,2019/05/20,04:35:56,23.4,0,0,0
  404,2019/05/20,04:36:36,23.7,0,0,0
  405,2019/05/20,04:37:17,23.6,0,0,0
  406,2019/05/20,04:37:57,23,0,0,0
  407,2019/05/20,04:38:37,23.9,0,0,0
  408,2019/05/20,04:39:18,23,0,0,0
  409,2019/05/20,04:39:58,22,0,0,0
  410,2019/05/20,04:40:38,21.8,0,0,0
  411,2019/05/20,04:41:19,21,0,0,0
  412,2019/05/20,04:41:59,20.6,0,0,0
  413,2019/05/20,04:42:40,20,0,0,0
  414,2019/05/20,04:43:20,20.4,0,0,0
  415,2019/05/20,04:44:00,21,0,0,0
  416,2019/05/20,04:44:41,21,0,0,0
  417,2019/05/20,04:45:21,21,0,0,0
  418,2019/05/20,04:46:01,21.8,0,0,0
  419,2019/05/20,04:46:42,22,0,0,0
  420,2019/05/20,04:47:22,22.9,0,0,0
  421,2019/05/20,04:48:03,22.8,0,0,0
  422,2019/05/20,04:48:43,20.7,0,0,0
  423,2019/05/20,04:49:23,20.2,0,0,0
  424,2019/05/20,04:50:04,21,0,0,0
  425,2019/05/20,04:50:44,21.8,0,0,0
  426,2019/05/20,04:51:25,22,0,0,0
  427,2019/05/20,04:52:05,21.4,0,0,0
  428,2019/05/20,04:52:45,21,0,0,0
  429,2019/05/20,04:53:26,22.4,0,0,0
  430,2019/05/20,04:54:06,22.3,0,0,0
  431,2019/05/20,04:54:46,22,0,0,0
  432,2019/05/20,04:55:27,22,0,0,0
  433,2019/05/20,04:56:07,19.8,0,0,0
  434,2019/05/20,04:56:48,19.7,0,0,0
  435,2019/05/20,04:57:28,19.4,0,0,0
  436,2019/05/20,04:58:08,20.5,0,0,0
  437,2019/05/20,04:58:49,21.5,0,0,0
  438,2019/05/20,04:59:29,22.9,0,0,0
  439,2019/05/20,05:00:09,23.5,0,0,0
  440,2019/05/20,05:00:50,23.3,0,0,0
  441,2019/05/20,05:01:30,23,0,0,0
  442,2019/05/20,05:02:11,21.5,0,0,0
  443,2019/05/20,05:02:51,21,0,0,0
  444,2019/05/20,05:03:31,22.8,0,0,0
  445,2019/05/20,05:04:12,23,0,0,0
  446,2019/05/20,05:04:52,23.3,0,0,0
  447,2019/05/20,05:05:32,23.2,0,0,0
  448,2019/05/20,05:06:13,24,0,0,0
  449,2019/05/20,05:06:53,24.3,0,0,0
  450,2019/05/20,05:07:34,25.9,0,0,0
  451,2019/05/20,05:08:14,25.5,0,0,0
  452,2019/05/20,05:08:54,25,0,0,0
  453,2019/05/20,05:09:35,23.8,0,0,0
  454,2019/05/20,05:10:15,23,0,0,0
  455,2019/05/20,05:10:56,21.9,0,0,0
  456,2019/05/20,05:11:36,21,0,0,0
  457,2019/05/20,05:12:16,21,0,0,0
  458,2019/05/20,05:12:57,20.5,0,0,0
  459,2019/05/20,05:13:37,22,0,0,0
  460,2019/05/20,05:14:17,22.6,0,0,0
  461,2019/05/20,05:14:58,25.1,0,0,0
  462,2019/05/20,05:15:38,25,0,0,0
  463,2019/05/20,05:16:19,24,0,0,0
  464,2019/05/20,05:16:59,22.5,0,0,0
  465,2019/05/20,05:17:39,20.1,0,0,0
  466,2019/05/20,05:18:20,19.3,0,0,0
  467,2019/05/20,05:19:00,19,0,0,0
  468,2019/05/20,05:19:40,19,0,0,0
  469,2019/05/20,05:20:21,19,0,0,0
  470,2019/05/20,05:21:01,19,0,0,0
  471,2019/05/20,05:21:42,19.8,0,0,0
  472,2019/05/20,05:22:22,22.7,0,0,0
  473,2019/05/20,05:23:02,23.2,0,0,0
  474,2019/05/20,05:23:43,23.9,0,0,0
  475,2019/05/20,05:24:23,23,0,0,0
  476,2019/05/20,05:25:03,23,0,0,0
  477,2019/05/20,05:25:44,23,0,0,0
  478,2019/05/20,05:26:24,23.8,0,0,0
  479,2019/05/20,05:27:05,23.3,0,0,0
  480,2019/05/20,05:27:45,23,0,0,0
  481,2019/05/20,05:28:25,21.6,0,0,0
  482,2019/05/20,05:29:06,21,0,0,0
  483,2019/05/20,05:29:46,21.9,0,0,0
  484,2019/05/20,05:30:26,21.1,0,0,0
  485,2019/05/20,05:31:07,22.2,0,0,0
  486,2019/05/20,05:31:47,22.7,0,0,0
  487,2019/05/20,05:32:28,22,0,0,0
  488,2019/05/20,05:33:08,22,0,0,0
  489,2019/05/20,05:33:48,21.6,0,0,0
  490,2019/05/20,05:34:29,22.5,0,0,0
  491,2019/05/20,05:35:09,23,0,0,0
  492,2019/05/20,05:35:49,23,0,0,0
  493,2019/05/20,05:36:30,23,0,0,0
  494,2019/05/20,05:37:10,22.1,0,0,0
  495,2019/05/20,05:37:51,22.5,0,0,0
  496,2019/05/20,05:38:31,22.2,0,0,0
  497,2019/05/20,05:39:11,21.8,0,0,0
  498,2019/05/20,05:39:52,21,0,0,0
  499,2019/05/20,05:40:32,21.9,0,0,0
  500,2019/05/20,05:41:12,22,0,0,0
  501,2019/05/20,05:41:53,22.5,0,0,0
  502,2019/05/20,05:42:33,22,0,0,0
  503,2019/05/20,05:43:14,22.6,0,0,0
  504,2019/05/20,05:43:54,23,0,0,0
  505,2019/05/20,05:44:34,23.8,0,0,0
  506,2019/05/20,05:45:15,23.2,0,0,0
  507,2019/05/20,05:45:55,23,0,0,0
  508,2019/05/20,05:46:36,23.1,0,0,0
  509,2019/05/20,05:47:16,24,0,0,0
  510,2019/05/20,05:47:56,23.7,0,0,0
  511,2019/05/20,05:48:37,22.2,0,0,0
  512,2019/05/20,05:49:17,23.2,0,0,0
  513,2019/05/20,05:49:57,23.5,0,0,0
  514,2019/05/20,05:50:38,23.5,0,0,0
  515,2019/05/20,05:51:18,24,0,0,0
  516,2019/05/20,05:51:59,23.5,0,0,0
  517,2019/05/20,05:52:39,23.5,0,0,0
  518,2019/05/20,05:53:19,25.3,0,0,0
  519,2019/05/20,05:54:00,25,0,0,0
  520,2019/05/20,05:54:40,24,0,0,0
  521,2019/05/20,05:55:20,22.7,0,0,0
  522,2019/05/20,05:56:01,22.7,0,0,0
  523,2019/05/20,05:56:41,22.2,0,0,0
  524,2019/05/20,05:57:22,23.4,0,0,0
  525,2019/05/20,05:58:02,24,0,0,0
  526,2019/05/20,05:58:42,24,0,0,0
  527,2019/05/20,05:59:23,24.9,0,0,0
  528,2019/05/20,06:00:03,25,0,0,0
  529,2019/05/20,06:00:44,24.3,0,0,0
  530,2019/05/20,06:01:24,24.5,0,0,0
  531,2019/05/20,06:02:04,24,0,0,0
  532,2019/05/20,06:02:45,24.7,0,0,0
  533,2019/05/20,06:03:25,27.6,0,0,0
  534,2019/05/20,06:04:05,28.4,0,0,0
  535,2019/05/20,06:04:46,27.8,0,0,0
  536,2019/05/20,06:05:26,26.7,0,0,0
  537,2019/05/20,06:06:07,26,0,0,0
  538,2019/05/20,06:06:47,25.5,0,0,0
  539,2019/05/20,06:07:27,25,0,0,0
  540,2019/05/20,06:08:08,25.2,0,0,0
  541,2019/05/20,06:08:48,24.5,0,0,0
  542,2019/05/20,06:09:28,23.5,0,0,0
  543,2019/05/20,06:10:09,23,0,0,0
  544,2019/05/20,06:10:49,22.1,0,0,0
  545,2019/05/20,06:11:30,22,0,0,0
  546,2019/05/20,06:12:10,23,0,0,0
  547,2019/05/20,06:12:50,22.8,0,0,0
  548,2019/05/20,06:13:31,22,0,0,0
  549,2019/05/20,06:14:11,21.6,0,0,0
  550,2019/05/20,06:14:51,20.5,0,0,0
  551,2019/05/20,06:15:32,21,0,0,0
  552,2019/05/20,06:16:12,21,0,0,0
  553,2019/05/20,06:16:53,21.7,0,0,0
  554,2019/05/20,06:17:33,22,0,0,0
  555,2019/05/20,06:18:13,21.2,0,0,0
  556,2019/05/20,06:18:54,21,0,0,0
  557,2019/05/20,06:19:34,21,0,0,0
  558,2019/05/20,06:20:14,21.3,0,0,0
  559,2019/05/20,06:20:55,22.7,0,0,0
  560,2019/05/20,06:21:35,22,0,0,0
  561,2019/05/20,06:22:16,22,0,0,0
  562,2019/05/20,06:22:56,21.6,0,0,0
  563,2019/05/20,06:23:36,21,0,0,0
  564,2019/05/20,06:24:17,19.9,0,0,0
  565,2019/05/20,06:24:57,19,0,0,0
  566,2019/05/20,06:25:37,19,0,0,0
  567,2019/05/20,06:26:18,19,0,0,0
  568,2019/05/20,06:26:58,19.8,0,0,0
  569,2019/05/20,06:27:39,20.3,0,0,0
  570,2019/05/20,06:28:19,22,0,0,0
  571,2019/05/20,06:28:59,21.1,0,0,0
  572,2019/05/20,06:29:40,21,0,0,0
  573,2019/05/20,06:30:20,20.2,0,0,0
  574,2019/05/20,06:31:01,19.6,0,0,0
  575,2019/05/20,06:31:41,20.4,0,0,0
  576,2019/05/20,06:32:21,21,0,0,0
  577,2019/05/20,06:33:02,20.7,0,0,0
  578,2019/05/20,06:33:42,20.3,0,0,0
  579,2019/05/20,06:34:22,20.2,0,0,0
  580,2019/05/20,06:35:03,20,0,0,0
  581,2019/05/20,06:35:43,20,0,0,0
  582,2019/05/20,06:36:24,20.4,0,0,0
  583,2019/05/20,06:37:04,19.6,0,0,0
  584,2019/05/20,06:37:44,19.3,0,0,0
  585,2019/05/20,06:38:25,18.5,0,0,0
  586,2019/05/20,06:39:05,18.4,0,0,0
  587,2019/05/20,06:39:45,18,0,0,0
  588,2019/05/20,06:40:26,18.8,0,0,0
  589,2019/05/20,06:41:06,19,0,0,0
  590,2019/05/20,06:41:47,19,0,0,0
  591,2019/05/20,06:42:27,20,0,0,0
  592,2019/05/20,06:43:07,21.8,0,0,0
  593,2019/05/20,06:43:48,21.9,0,0,0
  594,2019/05/20,06:44:28,21,0,0,0
  595,2019/05/20,06:45:08,20.9,0,0,0
  596,2019/05/20,06:45:49,20.2,0,0,0
  597,2019/05/20,06:46:29,21.5,0,0,0
  598,2019/05/20,06:47:10,23,0,0,0
  599,2019/05/20,06:47:50,21.7,0,0,0
  600,2019/05/20,06:48:30,21,0,0,0
  601,2019/05/20,06:49:11,19.9,0,0,0
  602,2019/05/20,06:49:51,19,0,0,0
  603,2019/05/20,06:50:32,19,0,0,0
  604,2019/05/20,06:51:12,19,0,0,0
  605,2019/05/20,06:51:52,20.7,0,0,0
  606,2019/05/20,06:52:33,21,0,0,0
  607,2019/05/20,06:53:13,21.5,0,0,0
  608,2019/05/20,06:53:53,21.1,0,0,0
  609,2019/05/20,06:54:34,20.5,0,0,0
  610,2019/05/20,06:55:14,20,0,0,0
  611,2019/05/20,06:55:55,19.5,0,0,0
  612,2019/05/20,06:56:35,19.4,0,0,0
  613,2019/05/20,06:57:15,19,0,0,0
  614,2019/05/20,06:57:56,19,0,0,0
  615,2019/05/20,06:58:36,19.7,0,0,0
  616,2019/05/20,06:59:16,18.5,0,0,0
  617,2019/05/20,06:59:57,18.8,0,0,0
  618,2019/05/20,07:00:37,19,0,0,0
  619,2019/05/20,07:01:18,19,0,0,0
  620,2019/05/20,07:01:58,20,0,0,0
  621,2019/05/20,07:02:38,19.7,0,0,0
  622,2019/05/20,07:03:19,19.8,0,0,0
  623,2019/05/20,07:03:59,19.6,0,0,0
  624,2019/05/20,07:04:39,20,0,0,0
  625,2019/05/20,07:05:20,19.5,0,0,0
  626,2019/05/20,07:06:00,19.3,0,0,0
  627,2019/05/20,07:06:41,20,0,0,0
  628,2019/05/20,07:07:21,20,0,0,0
  629,2019/05/20,07:08:01,20,0,0,0
  630,2019/05/20,07:08:42,20,0,0,0
  631,2019/05/20,07:09:22,20.3,0,0,0
  632,2019/05/20,07:10:02,20.6,0,0,0
  633,2019/05/20,07:10:43,21,0,0,0
  634,2019/05/20,07:11:23,21.4,0,0,0
  635,2019/05/20,07:12:04,21,0,0,0
  636,2019/05/20,07:12:44,21,0,0,0
  637,2019/05/20,07:13:24,21,0,0,0
  638,2019/05/20,07:14:05,21.5,0,0,0
  639,2019/05/20,07:14:45,22.5,0,0,0
  640,2019/05/20,07:15:26,22.7,0,0,0
  641,2019/05/20,07:16:06,23,0,0,0
  642,2019/05/20,07:16:46,22.1,0,0,0
  643,2019/05/20,07:17:27,22,0,0,0
  644,2019/05/20,07:18:07,21.2,0,0,0
  645,2019/05/20,07:18:47,21.4,0,0,0
  646,2019/05/20,07:19:28,23.5,0,0,0
  647,2019/05/20,07:20:08,24,0,0,0
  648,2019/05/20,07:20:49,24,0,0,0
  649,2019/05/20,07:21:29,23.1,0,0,0
  650,2019/05/20,07:22:09,22,0,0,0
  651,2019/05/20,07:22:50,21.6,0,0,0
  652,2019/05/20,07:23:30,21.8,0,0,0
  653,2019/05/20,07:24:10,21,0,0,0
  654,2019/05/20,07:24:51,21,0,0,0
  655,2019/05/20,07:25:31,20.9,0,0,0
  656,2019/05/20,07:26:12,21,0,0,0
  657,2019/05/20,07:26:52,21,0,0,0
  658,2019/05/20,07:27:32,21.6,0,0,0
  659,2019/05/20,07:28:13,21.4,0,0,0
  660,2019/05/20,07:28:53,21.1,0,0,0
  661,2019/05/20,07:29:33,21.5,0,0,0
  662,2019/05/20,07:30:14,22.5,0,0,0
  663,2019/05/20,07:30:54,23,0,0,0
  664,2019/05/20,07:31:35,22.5,0,0,0
  665,2019/05/20,07:32:15,22,0,0,0
  666,2019/05/20,07:32:55,20.8,0,0,0
  667,2019/05/20,07:33:36,20.5,0,0,0
  668,2019/05/20,07:34:16,21,0,0,0
  669,2019/05/20,07:34:56,22.1,0,0,0
  670,2019/05/20,07:35:37,23,0,0,0
  671,2019/05/20,07:36:17,22.7,0,0,0
  672,2019/05/20,07:36:58,22,0,0,0
  673,2019/05/20,07:37:38,21.6,0,0,0
  674,2019/05/20,07:38:18,20,0,0,0
  675,2019/05/20,07:38:59,21,0,0,0
  676,2019/05/20,07:39:39,21,0,0,0
  677,2019/05/20,07:40:19,21.6,0,0,0
  678,2019/05/20,07:41:00,22,0,0,0
  679,2019/05/20,07:41:40,22,0,0,0
  680,2019/05/20,07:42:21,22.5,0,0,0
  681,2019/05/20,07:43:01,22,0,0,0
  682,2019/05/20,07:43:41,22.5,0,0,0
  683,2019/05/20,07:44:22,22,0,0,0
  684,2019/05/20,07:45:02,22,0,0,0
  685,2019/05/20,07:45:43,22,0,0,0
  686,2019/05/20,07:46:23,22,0,0,0
  687,2019/05/20,07:47:03,22.7,0,0,0
  688,2019/05/20,07:47:44,23.5,0,0,0
  689,2019/05/20,07:48:24,24,0,0,0
  690,2019/05/20,07:49:04,24.7,0,0,0
  691,2019/05/20,07:49:45,24.1,0,0,0
  692,2019/05/20,07:50:25,23.1,0,0,0
  693,2019/05/20,07:51:06,23,0,0,0
  694,2019/05/20,07:51:46,23.1,0,0,0
  695,2019/05/20,07:52:26,24,0,0,0
  696,2019/05/20,07:53:07,24,0,0,0
  697,2019/05/20,07:53:47,24,0,0,0
  698,2019/05/20,07:54:27,24,0,0,0
  699,2019/05/20,07:55:08,22.7,0,0,0
  700,2019/05/20,07:55:48,22,0,0,0
  701,2019/05/20,07:56:29,22.9,0,0,0
  702,2019/05/20,07:57:09,23,0,0,0
  703,2019/05/20,07:57:49,23,0,0,0
  704,2019/05/20,07:58:30,23,0,0,0
  705,2019/05/20,07:59:10,22.6,0,0,0
  706,2019/05/20,07:59:50,21.9,0,0,0
  707,2019/05/20,08:00:31,21,0,0,0
  708,2019/05/20,08:01:11,21.4,0,0,0
  709,2019/05/20,08:01:52,20,0,0,0
  710,2019/05/20,08:02:32,19.1,0,0,0
  711,2019/05/20,08:03:12,19,0,0,0
  712,2019/05/20,08:03:53,20.5,0,0,0
  713,2019/05/20,08:04:33,21.8,0,0,0
  714,2019/05/20,08:05:14,21.6,0,0,0
  715,2019/05/20,08:05:54,22.2,0,0,0
  716,2019/05/20,08:06:34,21.4,0,0,0
  717,2019/05/20,08:07:15,21,0,0,0
  718,2019/05/20,08:07:55,20,0,0,0
  719,2019/05/20,08:08:35,20,0,0,0
  720,2019/05/20,08:09:16,20,0,0,0
  721,2019/05/20,08:09:56,20.8,0,0,0
  722,2019/05/20,08:10:37,21,0,0,0
  723,2019/05/20,08:11:17,21,0,0,0
  724,2019/05/20,08:11:57,21,0,0,0
  725,2019/05/20,08:12:38,21.5,0,0,0
  726,2019/05/20,08:13:18,22,0,0,0
  727,2019/05/20,08:13:58,24.1,0,0,0
  728,2019/05/20,08:14:39,25,0,0,0
  729,2019/05/20,08:15:19,24.5,0,0,0
  730,2019/05/20,08:16:00,24,0,0,0
  731,2019/05/20,08:16:40,22,0,0,0
  732,2019/05/20,08:17:20,21.3,0,0,0
  733,2019/05/20,08:18:01,20.7,0,0,0
  734,2019/05/20,08:18:41,20.3,0,0,0
  735,2019/05/20,08:19:21,20.8,0,0,0
  736,2019/05/20,08:20:02,22.2,0,0,0
  737,2019/05/20,08:20:42,23.4,0,0,0
  738,2019/05/20,08:21:23,24,0,0,0
  739,2019/05/20,08:22:03,23.5,0,0,0
  740,2019/05/20,08:22:43,23,0,0,0
  741,2019/05/20,08:23:24,22.5,0,0,0
  742,2019/05/20,08:24:04,23,0,0,0
  743,2019/05/20,08:24:44,23,0,0,0
  744,2019/05/20,08:25:25,24,0,0,0
  745,2019/05/20,08:26:05,23.3,0,0,0
  746,2019/05/20,08:26:46,22.5,0,0,0
  747,2019/05/20,08:27:26,22.6,0,0,0
  748,2019/05/20,08:28:06,21.8,0,0,0
  749,2019/05/20,08:28:47,21.7,0,0,0
  750,2019/05/20,08:29:27,22.5,0,0,0
  751,2019/05/20,08:30:07,24.5,0,0,0
  752,2019/05/20,08:30:48,25.6,0,0,0
  753,2019/05/20,08:31:28,25.9,0,0,0
  754,2019/05/20,08:32:09,25,0,0,0
  755,2019/05/20,08:32:49,23.2,0,0,0
  756,2019/05/20,08:33:29,24,0,0,0
  757,2019/05/20,08:34:10,24,0,0,0
  758,2019/05/20,08:34:50,23.7,0,0,0
  759,2019/05/20,08:35:30,23,0,0,0
  760,2019/05/20,08:36:11,22.6,0,0,0
  761,2019/05/20,08:36:51,22,0,0,0
  762,2019/05/20,08:37:32,22.5,0,0,0
  763,2019/05/20,08:38:12,23,0,0,0
  764,2019/05/20,08:38:52,23.1,0,0,0
  765,2019/05/20,08:39:33,23.8,0,0,0
  766,2019/05/20,08:40:13,23,0,0,0
  767,2019/05/20,08:40:53,23,0,0,0
  768,2019/05/20,08:41:34,23,0,0,0
  769,2019/05/20,08:42:14,23.3,0,0,0
  770,2019/05/20,08:42:55,24,0,0,0
  771,2019/05/20,08:43:35,23.9,0,0,0
  772,2019/05/20,08:44:15,23,0,0,0
  773,2019/05/20,08:44:56,23.4,0,0,0
  774,2019/05/20,08:45:36,22.5,0,0,0
  775,2019/05/20,08:46:17,23.5,0,0,0
  776,2019/05/20,08:46:57,23.9,0,0,0
  777,2019/05/20,08:47:37,23.6,0,0,0
  778,2019/05/20,08:48:18,23.6,0,0,0
  779,2019/05/20,08:48:58,24,0,0,0
  780,2019/05/20,08:49:38,24.8,0,0,0
  781,2019/05/20,08:50:19,24,0,0,0
  782,2019/05/20,08:50:59,23.8,0,0,0
  783,2019/05/20,08:51:40,23,0,0,0
  784,2019/05/20,08:52:20,23,0,0,0
  785,2019/05/20,08:53:00,23,0,0,0
  786,2019/05/20,08:53:41,22.4,0,0,0
  787,2019/05/20,08:54:21,21.2,0,0,0
  788,2019/05/20,08:55:01,21.8,0,0,0
  789,2019/05/20,08:55:42,22,0,0,0
  790,2019/05/20,08:56:22,22,0,0,0
  791,2019/05/20,08:57:03,22,0,0,0
  792,2019/05/20,08:57:43,22.3,0,0,0
  793,2019/05/20,08:58:23,22,0,0,0
  794,2019/05/20,08:59:04,23.9,0,0,0
  795,2019/05/20,08:59:44,24.5,0,0,0
  796,2019/05/20,09:00:24,22.6,0,0,0
  797,2019/05/20,09:01:05,22,0,0,0
  798,2019/05/20,09:01:45,21.5,0,0,0
  799,2019/05/20,09:02:26,22,0,0,0
  800,2019/05/20,09:03:06,23,0,0,0
  801,2019/05/20,09:03:46,24.3,0,0,0
  802,2019/05/20,09:04:27,25,0,0,0
  803,2019/05/20,09:05:07,24.2,0,0,0
  804,2019/05/20,09:05:47,23.8,0,0,0
  805,2019/05/20,09:06:28,21.2,0,0,0
  806,2019/05/20,09:07:08,21,0,0,0
  807,2019/05/20,09:07:49,22.1,0,0,0
  808,2019/05/20,09:08:29,22.1,0,0,0
  809,2019/05/20,09:09:09,22.5,0,0,0
  810,2019/05/20,09:09:50,22.2,0,0,0
  811,2019/05/20,09:10:30,21.6,0,0,0
  812,2019/05/20,09:11:11,22,0,0,0
  813,2019/05/20,09:11:51,22,0,0,0
  814,2019/05/20,09:12:31,20.9,0,0,0
  815,2019/05/20,09:13:12,19.7,0,0,0
  816,2019/05/20,09:13:52,19,0,0,0
  817,2019/05/20,09:14:32,19.9,0,0,0
  818,2019/05/20,09:15:13,20.5,0,0,0
  819,2019/05/20,09:15:53,21.3,0,0,0
  820,2019/05/20,09:16:34,23,0,0,0
  821,2019/05/20,09:17:14,23.2,0,0,0
  822,2019/05/20,09:17:54,23.3,0,0,0
  823,2019/05/20,09:18:35,22.4,0,0,0
  824,2019/05/20,09:19:15,21.5,0,0,0
  825,2019/05/20,09:19:55,21.6,0,0,0
  826,2019/05/20,09:20:36,22,0,0,0
  827,2019/05/20,09:21:16,22,0,0,0
  828,2019/05/20,09:21:57,21,0,0,0
  829,2019/05/20,09:22:37,19.8,0,0,0
  830,2019/05/20,09:23:17,20.1,0,0,0
  831,2019/05/20,09:23:58,21,0,0,0
  832,2019/05/20,09:24:38,21.2,0,0,0
  833,2019/05/20,09:25:19,21.6,0,0,0
  834,2019/05/20,09:25:59,21.3,0,0,0
  835,2019/05/20,09:26:39,22,0,0,0
  836,2019/05/20,09:27:20,20.6,0,0,0
  837,2019/05/20,09:28:00,21.1,0,0,0
  838,2019/05/20,09:28:40,21.5,0,0,0
  839,2019/05/20,09:29:21,22,0,0,0
  840,2019/05/20,09:30:01,23.3,0,0,0
  841,2019/05/20,09:30:42,23,0,0,0
  842,2019/05/20,09:31:22,22.5,0,0,0
  843,2019/05/20,09:32:02,22.1,0,0,0
  844,2019/05/20,09:32:43,23,0,0,0
  845,2019/05/20,09:33:23,23.2,0,0,0
  846,2019/05/20,09:34:03,24,0,0,0
  847,2019/05/20,09:34:44,23.4,0,0,0
  848,2019/05/20,09:35:24,23,0,0,0
  849,2019/05/20,09:36:05,23,0,0,0
  850,2019/05/20,09:36:45,23.4,0,0,0
  851,2019/05/20,09:37:25,24.5,0,0,0
  852,2019/05/20,09:38:06,24.1,0,0,0
  853,2019/05/20,09:38:46,22.3,0,0,0
  854,2019/05/20,09:39:27,22,0,0,0
  855,2019/05/20,09:40:07,21.1,0,0,0
  856,2019/05/20,09:40:47,22,0,0,0
  857,2019/05/20,09:41:28,22.5,0,0,0
  858,2019/05/20,09:42:08,22,0,0,0
  859,2019/05/20,09:42:48,22,0,0,0
  860,2019/05/20,09:43:29,22.4,0,0,0
  861,2019/05/20,09:44:09,22.1,0,0,0
  862,2019/05/20,09:44:50,23.5,0,0,0
  863,2019/05/20,09:45:30,24,0,0,0
  864,2019/05/20,09:46:10,23.8,0,0,0
  865,2019/05/20,09:46:51,23.9,0,0,0
  866,2019/05/20,09:47:31,23.7,0,0,0
  867,2019/05/20,09:48:11,23.3,0,0,0
  868,2019/05/20,09:48:52,23.7,0,0,0
  869,2019/05/20,09:49:32,22.8,0,0,0
  870,2019/05/20,09:50:13,22,0,0,0
  871,2019/05/20,09:50:53,22,0,0,0
  872,2019/05/20,09:51:33,22,0,0,0
  873,2019/05/20,09:52:14,22.5,0,0,0
  874,2019/05/20,09:52:54,23,0,0,0
  875,2019/05/20,09:53:34,23.6,0,0,0
  876,2019/05/20,09:54:15,23.5,0,0,0
  877,2019/05/20,09:54:55,23.2,0,0,0
  878,2019/05/20,09:55:36,23.8,0,0,0
  879,2019/05/20,09:56:16,23.9,0,0,0
  880,2019/05/20,09:56:56,24.8,0,0,0
  881,2019/05/20,09:57:37,24,0,0,0
  882,2019/05/20,09:58:17,23.7,0,0,0
  883,2019/05/20,09:58:57,22.4,0,0,0
  884,2019/05/20,09:59:38,22.8,0,0,0
  885,2019/05/20,10:00:18,24,0,0,0
  886,2019/05/20,10:00:59,24,0,0,0
  887,2019/05/20,10:01:39,24.8,0,0,0
  888,2019/05/20,10:02:19,23.9,0,0,0
  889,2019/05/20,10:03:00,24.3,0,0,0
  890,2019/05/20,10:03:40,24.1,0,0,0
  891,2019/05/20,10:04:20,23.5,0,0,0
  892,2019/05/20,10:05:01,23.4,0,0,0
  893,2019/05/20,10:05:41,22.8,0,0,0
  894,2019/05/20,10:06:22,22,0,0,0
  895,2019/05/20,10:07:02,22,0,0,0
  896,2019/05/20,10:07:42,22,0,0,0
  897,2019/05/20,10:08:23,22,0,0,0
  898,2019/05/20,10:09:03,22.9,0,0,0
  899,2019/05/20,10:09:43,22.4,0,0,0
  900,2019/05/20,10:10:24,22.4,0,0,0
  901,2019/05/20,10:11:04,21.7,0,0,0
  902,2019/05/20,10:11:45,21,0,0,0
  903,2019/05/20,10:12:25,21,0,0,0
  904,2019/05/20,10:13:05,21.2,0,0,0
  905,2019/05/20,10:13:46,22,0,0,0
  906,2019/05/20,10:14:26,22,0,0,0
  907,2019/05/20,10:15:07,22.5,0,0,0
  908,2019/05/20,10:15:47,22.3,0,0,0
  909,2019/05/20,10:16:27,22.5,0,0,0
  910,2019/05/20,10:17:08,22.5,0,0,0
  911,2019/05/20,10:17:48,22.5,0,0,0
  912,2019/05/20,10:18:28,22.6,0,0,0
  913,2019/05/20,10:19:09,23.2,0,0,0
  914,2019/05/20,10:19:49,23.2,0,0,0
  915,2019/05/20,10:20:30,23,0,0,0
  916,2019/05/20,10:21:10,23,0,0,0
  917,2019/05/20,10:21:50,23.6,0,0,0
  918,2019/05/20,10:22:31,24,0,0,0
  919,2019/05/20,10:23:11,24.2,0,0,0
  920,2019/05/20,10:23:51,23.3,0,0,0
  921,2019/05/20,10:24:32,23.2,0,0,0
  922,2019/05/20,10:25:12,23,0,0,0
  923,2019/05/20,10:25:53,22.7,0,0,0
  924,2019/05/20,10:26:33,23,0,0,0
  925,2019/05/20,10:27:13,23,0,0,0
  926,2019/05/20,10:27:54,22.5,0,0,0
  927,2019/05/20,10:28:34,21.6,0,0,0
  928,2019/05/20,10:29:14,21,0,0,0
  929,2019/05/20,10:29:55,20,0,0,0
  930,2019/05/20,10:30:35,20.1,0,0,0
  931,2019/05/20,10:31:16,20.3,0,0,0
  932,2019/05/20,10:31:56,20.3,0,0,0
  933,2019/05/20,10:32:36,21,0,0,0
  934,2019/05/20,10:33:17,20.6,0,0,0
  935,2019/05/20,10:33:57,21.4,0,0,0
  936,2019/05/20,10:34:38,22.5,0,0,0
  937,2019/05/20,10:35:18,22,0,0,0
  938,2019/05/20,10:35:58,21.5,0,0,0
  939,2019/05/20,10:36:39,21.4,0,0,0
  940,2019/05/20,10:37:19,20.1,0,0,0
  941,2019/05/20,10:37:59,20.1,0,0,0
  942,2019/05/20,10:38:40,22,0,0,0
  943,2019/05/20,10:39:20,21,0,0,0
  944,2019/05/20,10:40:01,23,0,0,0
  945,2019/05/20,10:40:41,23.1,0,0,0
  946,2019/05/20,10:41:21,23.6,0,0,0
  947,2019/05/20,10:42:02,23.5,0,0,0
  948,2019/05/20,10:42:42,22.7,0,0,0
 3851,2019/05/20,10:42:00,21,0,0,0
 3852,2019/05/20,10:42:40,21,0,0,0
 3853,2019/05/20,10:43:21,21,0,0,0
 3854,2019/05/20,10:44:01,21,0,0,0
 3855,2019/05/20,10:44:41,20.9,0,0,0
 3856,2019/05/20,10:45:22,21,0,0,0
 3857,2019/05/20,10:46:02,21.5,0,0,0
 3858,2019/05/20,10:46:43,21.3,0,0,0
 3859,2019/05/20,10:47:23,21,0,0,0
 3860,2019/05/20,10:48:03,21,0,0,0
 3861,2019/05/20,10:48:44,21.8,0,0,0
 3862,2019/05/20,10:49:24,22,0,0,0
 3863,2019/05/20,10:50:04,22.9,0,0,0
 3864,2019/05/20,10:50:45,22.8,0,0,0
 3865,2019/05/20,10:51:25,21.5,0,0,0
 3866,2019/05/20,10:52:06,21.5,0,0,0
 3867,2019/05/20,10:52:46,20,0,0,0
 3868,2019/05/20,10:53:26,20.1,0,0,0
 3869,2019/05/20,10:54:07,20.2,0,0,0
 3870,2019/05/20,10:54:47,20.8,0,0,0
 3871,2019/05/20,10:55:27,21,0,0,0
 3872,2019/05/20,10:56:08,21,0,0,0
 3873,2019/05/20,10:56:48,21,0,0,0
 3874,2019/05/20,10:57:29,21,0,0,0
 3875,2019/05/20,10:58:09,21,0,0,0
 3876,2019/05/20,10:58:49,22,0,0,0
 3877,2019/05/20,10:59:30,21.8,0,0,0
 3878,2019/05/20,11:00:10,21,0,0,0
 3879,2019/05/20,11:00:51,20.7,0,0,0
 3880,2019/05/20,11:01:31,19.6,0,0,0
 3881,2019/05/20,11:02:11,19.4,0,0,0
 3882,2019/05/20,11:02:52,20,0,0,0
 3883,2019/05/20,11:03:32,20.6,0,0,0
 3884,2019/05/20,11:04:12,21,0,0,0
 3885,2019/05/20,11:04:53,20.2,0,0,0
 3886,2019/05/20,11:05:33,20,0,0,0
 3887,2019/05/20,11:06:14,21,0,0,0
 3888,2019/05/20,11:06:54,21.3,0,0,0
 3889,2019/05/20,11:07:34,22.5,0,0,0
 3890,2019/05/20,11:08:15,23.1,0,0,0
 3891,2019/05/20,11:08:55,24.5,0,0,0
 3892,2019/05/20,11:09:35,25.3,0,0,0
 3893,2019/05/20,11:10:16,26.6,0,0,0
 3894,2019/05/20,11:10:56,27.5,0,0,0
 3895,2019/05/20,11:11:37,28,0,0,0
 3896,2019/05/20,11:12:17,27.9,0,0,0
 3897,2019/05/20,11:12:57,27.7,0,0,0
 3898,2019/05/20,11:13:38,27.8,0,0,0
 3899,2019/05/20,11:14:18,27.1,0,0,0
 3900,2019/05/20,11:14:58,27.9,0,0,0
 3901,2019/05/20,11:15:39,28.5,0,0,0
 3902,2019/05/20,11:16:19,29,0,0,0
 3903,2019/05/20,11:17:00,29.3,0,0,0
 3904,2019/05/20,11:17:40,29.7,0,0,0
 3905,2019/05/20,11:18:20,29.2,0,0,0
 3906,2019/05/20,11:19:01,28,0,0,0
 3907,2019/05/20,11:19:41,29.8,0,0,0
 3908,2019/05/20,11:20:22,30.6,0,0,0
 3909,2019/05/20,11:21:02,29.3,0,0,0
 3910,2019/05/20,11:21:42,28,0,0,0
 3911,2019/05/20,11:22:23,24.6,0,0,0
 3912,2019/05/20,11:23:03,24,0,0,0
 3913,2019/05/20,11:23:44,26.7,0,0,0
 3914,2019/05/20,11:24:24,26.9,0,0,0
 3915,2019/05/20,11:25:04,27,0,0,0
 3916,2019/05/20,11:25:45,26.7,0,0,0
 3917,2019/05/20,11:26:25,26,0,0,0
 3918,2019/05/20,11:27:05,26.4,0,0,0
 3919,2019/05/20,11:27:46,27,0,0,0
 3920,2019/05/20,11:28:26,26.4,0,0,0
 3921,2019/05/20,11:29:07,26,0,0,0
 3922,2019/05/20,11:29:47,25.1,0,0,0
 3923,2019/05/20,11:30:27,25,0,0,0
 3924,2019/05/20,11:31:08,25,0,0,0
 3925,2019/05/20,11:31:48,25,0,0,0
 3926,2019/05/20,11:32:28,25,0,0,0
 3927,2019/05/20,11:33:09,26,0,0,0
 3928,2019/05/20,11:33:49,29.5,0,0,0
 3929,2019/05/20,11:34:30,29.3,0,0,0
 3930,2019/05/20,11:35:10,30,0,0,0
 3931,2019/05/20,11:35:50,29.7,0,0,0
 3932,2019/05/20,11:36:31,28.5,0,0,0
 3933,2019/05/20,11:37:11,28.1,0,0,0
 3934,2019/05/20,11:37:51,28.1,0,0,0
 3935,2019/05/20,11:38:32,27.7,0,0,0
 3936,2019/05/20,11:39:12,28.1,0,0,0
 3937,2019/05/20,11:39:53,30.8,0,0,0
 3938,2019/05/20,11:40:33,30.7,0,0,0
 3939,2019/05/20,11:41:13,30,0,0,0
 3940,2019/05/20,11:41:54,28.8,0,0,0
 3941,2019/05/20,11:42:34,28,0,0,0
 3942,2019/05/20,11:43:15,28.1,0,0,0
 3943,2019/05/20,11:43:55,28.4,0,0,0
 3944,2019/05/20,11:44:35,28,0,0,0
 3945,2019/05/20,11:45:16,27.5,0,0,0
 3946,2019/05/20,11:45:56,27.3,0,0,0
 3947,2019/05/20,11:46:36,27,0,0,0
 3948,2019/05/20,11:47:17,26.2,0,0,0
 3949,2019/05/20,11:47:57,26,0,0,0
 3950,2019/05/20,11:48:38,26.9,0,0,0
 3951,2019/05/20,11:49:18,27,0,0,0
 3952,2019/05/20,11:49:58,28,0,0,0
 3953,2019/05/20,11:50:39,27.4,0,0,0
 3954,2019/05/20,11:51:19,25.2,0,0,0
 3955,2019/05/20,11:51:59,25.3,0,0,0
 3956,2019/05/20,11:52:40,24,0,0,0
 3957,2019/05/20,11:53:20,24.9,0,0,0
 3958,2019/05/20,11:54:01,25.5,0,0,0
 3959,2019/05/20,11:54:41,26,0,0,0
 3960,2019/05/20,11:55:21,26,0,0,0
 3961,2019/05/20,11:56:02,26,0,0,0
 3962,2019/05/20,11:56:42,25.4,0,0,0
 3963,2019/05/20,11:57:22,25.5,0,0,0
 3964,2019/05/20,11:58:03,26.9,0,0,0
 3965,2019/05/20,11:58:43,26.9,0,0,0
 3966,2019/05/20,11:59:24,27.1,0,0,0
 3967,2019/05/20,12:00:04,26.5,0,0,0
 3968,2019/05/20,12:00:44,27,0,0,0
 3969,2019/05/20,12:01:25,27,0,0,0
 3970,2019/05/20,12:02:05,25.8,0,0,0
 3971,2019/05/20,12:02:45,25.5,0,0,0
 3972,2019/05/20,12:03:26,24.4,0,0,0
 3973,2019/05/20,12:04:06,24,0,0,0
 3974,2019/05/20,12:04:47,23.6,0,0,0
 3975,2019/05/20,12:05:27,24.4,0,0,0
 3976,2019/05/20,12:06:07,23.1,0,0,0
 3977,2019/05/20,12:06:48,23.7,0,0,0
 3978,2019/05/20,12:07:28,24.4,0,0,0
 3979,2019/05/20,12:08:08,24.1,0,0,0
 3980,2019/05/20,12:08:49,27,0,0,0
 3981,2019/05/20,12:09:29,26.9,0,0,0
 3982,2019/05/20,12:10:10,27,0,0,0
 3983,2019/05/20,12:10:50,26.7,0,0,0
 3984,2019/05/20,12:11:30,26.7,0,0,0
 3985,2019/05/20,12:12:11,27.7,0,0,0
 3986,2019/05/20,12:12:51,28,0,0,0
 3987,2019/05/20,12:13:31,29.1,0,0,0
 3988,2019/05/20,12:14:12,29,0,0,0
 3989,2019/05/20,12:14:52,29,0,0,0
 3990,2019/05/20,12:15:33,28.7,0,0,0
 3991,2019/05/20,12:16:13,27,0,0,0
 3992,2019/05/20,12:16:53,27.6,0,0,0
 3993,2019/05/20,12:17:34,28.5,0,0,0
 3994,2019/05/20,12:18:14,28.5,0,0,0
 3995,2019/05/20,12:18:55,28,0,0,0
 3996,2019/05/20,12:19:35,28.2,0,0,0
 3997,2019/05/20,12:20:15,28,0,0,0
 3998,2019/05/20,12:20:56,28,0,0,0
 3999,2019/05/20,12:21:36,28.4,0,0,0
 4000,2019/05/20,12:22:16,26.7,0,0,0
 4001,2019/05/20,12:22:57,27,0,0,0
 4002,2019/05/20,12:23:37,27.7,0,0,0
 4003,2019/05/20,12:24:18,27.1,0,0,0
 4004,2019/05/20,12:24:58,26.6,0,0,0
 4005,2019/05/20,12:25:38,26.8,0,0,0
 4006,2019/05/20,12:26:19,27.4,0,0,0
 4007,2019/05/20,12:26:59,28.4,0,0,0
 4008,2019/05/20,12:27:39,29.4,0,0,0
 4009,2019/05/20,12:28:20,28.4,0,0,0
 4010,2019/05/20,12:29:00,28,0,0,0
 4011,2019/05/20,12:29:41,26.5,0,0,0
 4012,2019/05/20,12:30:21,26,0,0,0
 4013,2019/05/20,12:31:01,26.9,0,0,0
 4014,2019/05/20,12:31:42,27,0,0,0
 4015,2019/05/20,12:32:22,27.2,0,0,0
 4016,2019/05/20,12:33:02,27.7,0,0,0
 4017,2019/05/20,12:33:43,27.1,0,0,0
 4018,2019/05/20,12:34:23,27,0,0,0
 4019,2019/05/20,12:35:04,27,0,0,0
 4020,2019/05/20,12:35:44,26.5,0,0,0
 4021,2019/05/20,12:36:24,26.5,0,0,0
 4022,2019/05/20,12:37:05,27,0,0,0
 4023,2019/05/20,12:37:45,26.3,0,0,0
 4024,2019/05/20,12:38:26,26,0,0,0
 4025,2019/05/20,12:39:06,26,0,0,0
 4026,2019/05/20,12:39:46,24.2,0,0,0
 4027,2019/05/20,12:40:27,24.9,0,0,0
 4028,2019/05/20,12:41:07,25.5,0,0,0
 4029,2019/05/20,12:41:47,26.3,0,0,0
 4030,2019/05/20,12:42:28,28,0,0,0
 4031,2019/05/20,12:43:08,27.6,0,0,0
 4032,2019/05/20,12:43:49,27,0,0,0
 4033,2019/05/20,12:44:29,27.2,0,0,0
 4034,2019/05/20,12:45:09,27.2,0,0,0
 4035,2019/05/20,12:45:50,27,0,0,0
 4036,2019/05/20,12:46:30,26.2,0,0,0
 4037,2019/05/20,12:47:10,27.7,0,0,0
 4038,2019/05/20,12:47:51,27.5,0,0,0
 4039,2019/05/20,12:48:31,29,0,0,0
 4040,2019/05/20,12:49:12,29.7,0,0,0
 4041,2019/05/20,12:49:52,28.1,0,0,0
 4042,2019/05/20,12:50:32,28,0,0,0
 4043,2019/05/20,12:51:13,26.7,0,0,0
 4044,2019/05/20,12:51:53,26.4,0,0,0
 4045,2019/05/20,12:52:33,27,0,0,0
 4046,2019/05/20,12:53:14,26.6,0,0,0
 4047,2019/05/20,12:53:54,26,0,0,0
 4048,2019/05/20,12:54:35,26,0,0,0
 4049,2019/05/20,12:55:15,26,0,0,0
 4050,2019/05/20,12:55:55,26.9,0,0,0
 4051,2019/05/20,12:56:36,27,0,0,0
 4052,2019/05/20,12:57:16,28,0,0,0
 4053,2019/05/20,12:57:56,28.3,0,0,0
 4054,2019/05/20,12:58:37,30,0,0,0
 4055,2019/05/20,12:59:17,29.6,0,0,0
 4056,2019/05/20,12:59:58,29,0,0,0
 4057,2019/05/20,13:00:38,27.6,0,0,0
 4058,2019/05/20,13:01:18,27,0,0,0
 4059,2019/05/20,13:01:59,27,0,0,0
 4060,2019/05/20,13:02:39,27,0,0,0
 4061,2019/05/20,13:03:20,25.4,0,0,0
 4062,2019/05/20,13:04:00,25,0,0,0
 4063,2019/05/20,13:04:40,24,0,0,0
 4064,2019/05/20,13:05:21,24.2,0,0,0
 4065,2019/05/20,13:06:01,25.5,0,0,0
 4066,2019/05/20,13:06:41,25,0,0,0
 4067,2019/05/20,13:07:22,25,0,0,0
 4068,2019/05/20,13:08:02,24.7,0,0,0
 4069,2019/05/20,13:08:43,24.5,0,0,0
 4070,2019/05/20,13:09:23,24.4,0,0,0
 4071,2019/05/20,13:10:03,24,0,0,0
 4072,2019/05/20,13:10:44,24.8,0,0,0
 4073,2019/05/20,13:11:24,24.9,0,0,0
 4074,2019/05/20,13:12:04,26.5,0,0,0
 4075,2019/05/20,13:12:45,27.1,0,0,0
 4076,2019/05/20,13:13:25,28,0,0,0
 4077,2019/05/20,13:14:06,28,0,0,0
 4078,2019/05/20,13:14:46,28,0,0,0
 4079,2019/05/20,13:15:26,26.8,0,0,0
 4080,2019/05/20,13:16:07,26,0,0,0
 4081,2019/05/20,13:16:47,27.3,0,0,0
 4082,2019/05/20,13:17:27,29,0,0,0
 4083,2019/05/20,13:18:08,28.4,0,0,0
 4084,2019/05/20,13:18:48,28,0,0,0
 4085,2019/05/20,13:19:29,25.7,0,0,0
 4086,2019/05/20,13:20:09,25,0,0,0
 4087,2019/05/20,13:20:49,25.9,0,0,0
 4088,2019/05/20,13:21:30,26,0,0,0
 4089,2019/05/20,13:22:10,27,0,0,0
 4090,2019/05/20,13:22:50,27.1,0,0,0
 4091,2019/05/20,13:23:31,27.6,0,0,0
 4092,2019/05/20,13:24:11,27.6,0,0,0
 4093,2019/05/20,13:24:52,27,0,0,0
 4094,2019/05/20,13:25:32,26.5,0,0,0
 4095,2019/05/20,13:26:12,26,0,0,0
 4096,2019/05/20,13:26:53,26,0,0,0
 4097,2019/05/20,13:27:33,26,0,0,0
 4098,2019/05/20,13:28:14,26.7,0,0,0
 4099,2019/05/20,13:28:54,27.5,0,0,0
 4100,2019/05/20,13:29:34,25.6,0,0,0
 4101,2019/05/20,13:30:15,27,0,0,0
 4102,2019/05/20,13:30:55,27.5,0,0,0
 4103,2019/05/20,13:31:35,28,0,0,0
 4104,2019/05/20,13:32:16,28.8,0,0,0
 4105,2019/05/20,13:32:56,28.7,0,0,0
 4106,2019/05/20,13:33:37,27.5,0,0,0
 4107,2019/05/20,13:34:17,26.4,0,0,0
 4108,2019/05/20,13:34:57,26.5,0,0,0
 4109,2019/05/20,13:35:38,26,0,0,0
 4110,2019/05/20,13:36:18,26.2,0,0,0
 4111,2019/05/20,13:36:58,27.7,0,0,0
 4112,2019/05/20,13:37:39,27.5,0,0,0
 4113,2019/05/20,13:38:19,26.2,0,0,0
 4114,2019/05/20,13:39:00,25,0,0,0
 4115,2019/05/20,13:39:40,24,0,0,0
 4116,2019/05/20,13:40:20,24.2,0,0,0
 4117,2019/05/20,13:41:01,25.1,0,0,0
 4118,2019/05/20,13:41:41,27.3,0,0,0
 4119,2019/05/20,13:42:22,29,0,0,0
 4120,2019/05/20,13:43:02,28.5,0,0,0
 4121,2019/05/20,13:43:42,27.7,0,0,0
 4122,2019/05/20,13:44:23,24.3,0,0,0
 4123,2019/05/20,13:45:03,25,0,0,0
 4124,2019/05/20,13:45:44,26.5,0,0,0
 4125,2019/05/20,13:46:24,27.4,0,0,0
 4126,2019/05/20,13:47:04,26.1,0,0,0
 4127,2019/05/20,13:47:45,26,0,0,0
 4128,2019/05/20,13:48:25,25.5,0,0,0
 4129,2019/05/20,13:49:05,26,0,0,0
 4130,2019/05/20,13:49:46,26.7,0,0,0
 4131,2019/05/20,13:50:26,27.3,0,0,0
 4132,2019/05/20,13:51:07,27.4,0,0,0
 4133,2019/05/20,13:51:47,27.3,0,0,0
 4134,2019/05/20,13:52:27,27,0,0,0
 4135,2019/05/20,13:53:08,26.6,0,0,0
 4136,2019/05/20,13:53:48,27,0,0,0
 4137,2019/05/20,13:54:28,27,0,0,0
 4138,2019/05/20,13:55:09,27,0,0,0
 4139,2019/05/20,13:55:49,26,0,0,0
 4140,2019/05/20,13:56:30,25.4,0,0,0
 4141,2019/05/20,13:57:10,24,0,0,0
 4142,2019/05/20,13:57:50,24,0,0,0
 4143,2019/05/20,13:58:31,24.2,0,0,0
 4144,2019/05/20,13:59:11,25,0,0,0
 4145,2019/05/20,13:59:52,25,0,0,0
 4146,2019/05/20,14:00:32,24.7,0,0,0
 4147,2019/05/20,14:01:12,25,0,0,0
 4148,2019/05/20,14:01:53,25.5,0,0,0
 4149,2019/05/20,14:02:33,26,0,0,0
 4150,2019/05/20,14:03:13,26.8,0,0,0
 4151,2019/05/20,14:03:54,27,0,0,0
 4152,2019/05/20,14:04:34,25.6,0,0,0
 4153,2019/05/20,14:05:14,26.8,0,0,0
 4154,2019/05/20,14:05:55,24.5,0,0,0
 4155,2019/05/20,14:06:35,24.2,0,0,0
 4156,2019/05/20,14:07:16,25,0,0,0
 4157,2019/05/20,14:07:56,26,0,0,0
 4158,2019/05/20,14:08:36,28,0,0,0
 4159,2019/05/20,14:09:17,27.2,0,0,0
 4160,2019/05/20,14:09:57,27,0,0,0
 4161,2019/05/20,14:10:38,26.3,0,0,0
 4162,2019/05/20,14:11:18,25.1,0,0,0
 4163,2019/05/20,14:11:58,25.8,0,0,0
 4164,2019/05/20,14:12:39,26,0,0,0
 4165,2019/05/20,14:13:19,26,0,0,0
 4166,2019/05/20,14:13:59,26.1,0,0,0
 4167,2019/05/20,14:14:40,27,0,0,0
 4168,2019/05/20,14:15:20,26.7,0,0,0
 4169,2019/05/20,14:16:01,26.8,0,0,0
 4170,2019/05/20,14:16:41,26.1,0,0,0
 4171,2019/05/20,14:17:21,26,0,0,0
 4172,2019/05/20,14:18:02,26.3,0,0,0
 4173,2019/05/20,14:18:42,26,0,0,0
 4174,2019/05/20,14:19:22,26.7,0,0,0
 4175,2019/05/20,14:20:03,27,0,0,0
 4176,2019/05/20,14:20:43,27.5,0,0,0
 4177,2019/05/20,14:21:24,26.9,0,0,0
 4178,2019/05/20,14:22:04,25.8,0,0,0
 4179,2019/05/20,14:22:44,25.6,0,0,0
 4180,2019/05/20,14:23:25,25,0,0,0
 4181,2019/05/20,14:24:05,25.4,0,0,0
 4182,2019/05/20,14:24:46,26.5,0,0,0
 4183,2019/05/20,14:25:26,26.5,0,0,0
 4184,2019/05/20,14:26:06,26.5,0,0,0
 4185,2019/05/20,14:26:47,24.4,0,0,0
 4186,2019/05/20,14:27:27,23,0,0,0
 4187,2019/05/20,14:28:07,23.8,0,0,0
 4188,2019/05/20,14:28:48,24,0,0,0
 4189,2019/05/20,14:29:28,25.9,0,0,0
 4190,2019/05/20,14:30:09,25.8,0,0,0
 4191,2019/05/20,14:30:49,24,0,0,0
 4192,2019/05/20,14:31:29,23.7,0,0,0
 4193,2019/05/20,14:32:10,23.2,0,0,0
 4194,2019/05/20,14:32:50,24.7,0,0,0
 4195,2019/05/20,14:33:30,26,0,0,0
 4196,2019/05/20,14:34:11,26,0,0,0
 4197,2019/05/20,14:34:51,26,0,0,0
 4198,2019/05/20,14:35:32,25.3,0,0,0
 4199,2019/05/20,14:36:12,24.3,0,0,0
 4200,2019/05/20,14:36:52,24.8,0,0,0
 4201,2019/05/20,14:37:33,24.7,0,0,0
 4202,2019/05/20,14:38:13,24,0,0,0
 4203,2019/05/20,14:38:53,23.8,0,0,0
 4204,2019/05/20,14:39:34,22.9,0,0,0
 4205,2019/05/20,14:40:14,23.2,0,0,0
 4206,2019/05/20,14:40:55,24,0,0,0
 4207,2019/05/20,14:41:35,24.3,0,0,0
 4208,2019/05/20,14:42:15,25,0,0,0
 4209,2019/05/20,14:42:56,25,0,0,0
 4210,2019/05/20,14:43:36,25.1,0,0,0
 4211,2019/05/20,14:44:16,25.4,0,0,0
 4212,2019/05/20,14:44:57,25,0,0,0
 4213,2019/05/20,14:45:37,25.3,0,0,0
 4214,2019/05/20,14:46:18,25.7,0,0,0
 4215,2019/05/20,14:46:58,25.9,0,0,0
 4216,2019/05/20,14:47:38,26.4,0,0,0
 4217,2019/05/20,14:48:19,28,0,0,0
 4218,2019/05/20,14:48:59,27,0,0,0
 4219,2019/05/20,14:49:39,27.5,0,0,0
 4220,2019/05/20,14:50:20,26.8,0,0,0
 4221,2019/05/20,14:51:00,26.7,0,0,0
 4222,2019/05/20,14:51:41,27.5,0,0,0
 4223,2019/05/20,14:52:21,27.1,0,0,0
 4224,2019/05/20,14:53:01,27.4,0,0,0
 4225,2019/05/20,14:53:42,28,0,0,0
 4226,2019/05/20,14:54:22,27.2,0,0,0
 4227,2019/05/20,14:55:02,27,0,0,0
 4228,2019/05/20,14:55:43,25.9,0,0,0
 4229,2019/05/20,14:56:23,25.1,0,0,0
 4230,2019/05/20,14:57:04,26,0,0,0
 4231,2019/05/20,14:57:44,25.7,0,0,0
 4232,2019/05/20,14:58:24,25,0,0,0
 4233,2019/05/20,14:59:05,24.6,0,0,0
 4234,2019/05/20,14:59:45,24,0,0,0
 4235,2019/05/20,15:00:26,23.4,0,0,0
 4236,2019/05/20,15:01:06,23,0,0,0
 4237,2019/05/20,15:01:46,23.7,0,0,0
 4238,2019/05/20,15:02:27,24,0,0,0
 4239,2019/05/20,15:03:07,24.3,0,0,0
 4240,2019/05/20,15:03:47,25,0,0,0
 4241,2019/05/20,15:04:28,25,0,0,0
 4242,2019/05/20,15:05:08,23.7,0,0,0
 4243,2019/05/20,15:05:49,25.1,0,0,0
 4244,2019/05/20,15:06:29,25.7,0,0,0
 4245,2019/05/20,15:07:09,25,0,0,0
 4246,2019/05/20,15:07:50,25,0,0,0
 4247,2019/05/20,15:08:30,24.6,0,0,0
 4248,2019/05/20,15:09:10,24.5,0,0,0
 4249,2019/05/20,15:09:51,25,0,0,0
 4250,2019/05/20,15:10:31,25,0,0,0
 4251,2019/05/20,15:11:12,25.5,0,0,0
 4252,2019/05/20,15:11:52,26,0,0,0
 4253,2019/05/20,15:12:32,26,0,0,0
 4254,2019/05/20,15:13:13,26,0,0,0
 4255,2019/05/20,15:13:53,26.5,0,0,0
 4256,2019/05/20,15:14:34,26,0,0,0
 4257,2019/05/20,15:15:14,25.7,0,0,0
 4258,2019/05/20,15:15:54,24.5,0,0,0
 4259,2019/05/20,15:16:35,24,0,0,0
 4260,2019/05/20,15:17:15,24,0,0,0
 4261,2019/05/20,15:17:55,24.6,0,0,0
 4262,2019/05/20,15:18:36,25.2,0,0,0
 4263,2019/05/20,15:19:16,26,0,0,0
 4264,2019/05/20,15:19:57,26.4,0,0,0
 4265,2019/05/20,15:20:37,27.3,0,0,0
 4266,2019/05/20,15:21:17,27.1,0,0,0
 4267,2019/05/20,15:21:58,26.5,0,0,0
 4268,2019/05/20,15:22:38,26,0,0,0
 4269,2019/05/20,15:23:19,26.6,0,0,0
 4270,2019/05/20,15:23:59,27,0,0,0
 4271,2019/05/20,15:24:39,27,0,0,0
 4272,2019/05/20,15:25:20,27,0,0,0
 4273,2019/05/20,15:26:00,26.1,0,0,0
 4274,2019/05/20,15:26:40,26,0,0,0
 4275,2019/05/20,15:27:21,26,0,0,0
 4276,2019/05/20,15:28:01,25,0,0,0
 4277,2019/05/20,15:28:42,25,0,0,0
 4278,2019/05/20,15:29:22,25.5,0,0,0
 4279,2019/05/20,15:30:02,25.1,0,0,0
 4280,2019/05/20,15:30:43,26,0,0,0
 4281,2019/05/20,15:31:23,26,0,0,0
 4282,2019/05/20,15:32:04,25.5,0,0,0
 4283,2019/05/20,15:32:44,24.7,0,0,0
 4284,2019/05/20,15:33:24,24.9,0,0,0
 4285,2019/05/20,15:34:05,25.5,0,0,0
 4286,2019/05/20,15:34:45,25,0,0,0
 4287,2019/05/20,15:35:25,24.8,0,0,0
 4288,2019/05/20,15:36:06,24.6,0,0,0
 4289,2019/05/20,15:36:46,23.9,0,0,0
 4290,2019/05/20,15:37:27,23.7,0,0,0
 4291,2019/05/20,15:38:07,25,0,0,0
 4292,2019/05/20,15:38:47,25.5,0,0,0
 4293,2019/05/20,15:39:28,25,0,0,0
 4294,2019/05/20,15:40:08,24.7,0,0,0
 4295,2019/05/20,15:40:48,24,0,0,0
 4296,2019/05/20,15:41:29,24,0,0,0
 4297,2019/05/20,15:42:09,24,0,0,0
 4298,2019/05/20,15:42:50,25,0,0,0
 4299,2019/05/20,15:43:30,25.5,0,0,0
 4300,2019/05/20,15:44:10,26.7,0,0,0
 4301,2019/05/20,15:44:51,26.5,0,0,0
 4302,2019/05/20,15:45:31,26.1,0,0,0
 4303,2019/05/20,15:46:11,26,0,0,0
 4304,2019/05/20,15:46:52,26,0,0,0
 4305,2019/05/20,15:47:32,25.8,0,0,0
 4306,2019/05/20,15:48:13,25,0,0,0
 4307,2019/05/20,15:48:53,24.5,0,0,0
 4308,2019/05/20,15:49:33,24.5,0,0,0
 4309,2019/05/20,15:50:14,24.9,0,0,0
 4310,2019/05/20,15:50:54,25,0,0,0
 4311,2019/05/20,15:51:34,23.8,0,0,0
 4312,2019/05/20,15:52:15,23.5,0,0,0
 4313,2019/05/20,15:52:55,23,0,0,0
 4314,2019/05/20,15:53:36,23,0,0,0
 4315,2019/05/20,15:54:16,23.3,0,0,0
 4316,2019/05/20,15:54:56,23.9,0,0,0
 4317,2019/05/20,15:55:37,23,0,0,0
 4318,2019/05/20,15:56:17,23.2,0,0,0
 4319,2019/05/20,15:56:57,23.5,0,0,0
 4320,2019/05/20,15:57:38,24,0,0,0
 4321,2019/05/20,15:58:18,24,0,0,0
 4322,2019/05/20,15:58:59,23.7,0,0,0
 4323,2019/05/20,15:59:39,23,0,0,0
 4324,2019/05/20,16:00:19,23,0,0,0
 4325,2019/05/20,16:01:00,23,0,0,0
 4326,2019/05/20,16:01:40,23.8,0,0,0
 4327,2019/05/20,16:02:20,24,0,0,0
 4328,2019/05/20,16:03:01,24,0,0,0
 4329,2019/05/20,16:03:41,24,0,0,0
 4330,2019/05/20,16:04:22,24,0,0,0
 4331,2019/05/20,16:05:02,23.3,0,0,0
 4332,2019/05/20,16:05:42,23,0,0,0
 4333,2019/05/20,16:06:23,22.6,0,0,0
 4334,2019/05/20,16:07:03,22.4,0,0,0
 4335,2019/05/20,16:07:44,23.5,0,0,0
 4336,2019/05/20,16:08:24,24,0,0,0
 4337,2019/05/20,16:09:04,24.7,0,0,0
 4338,2019/05/20,16:09:45,25,0,0,0
 4339,2019/05/20,16:10:25,24.1,0,0,0
 4340,2019/05/20,16:11:05,24,0,0,0
 4341,2019/05/20,16:11:46,23,0,0,0
 4342,2019/05/20,16:12:26,22.8,0,0,0
 4343,2019/05/20,16:13:07,22.9,0,0,0
 4344,2019/05/20,16:13:47,23,0,0,0
 4345,2019/05/20,16:14:27,23,0,0,0
 4346,2019/05/20,16:15:08,23.7,0,0,0
 4347,2019/05/20,16:15:48,24.6,0,0,0
 4348,2019/05/20,16:16:29,26.2,0,0,0
 4349,2019/05/20,16:17:09,27,0,0,0
 4350,2019/05/20,16:17:49,26.7,0,0,0
 4351,2019/05/20,16:18:30,26,0,0,0
 4352,2019/05/20,16:19:10,24.2,0,0,0
 4353,2019/05/20,16:19:50,24,0,0,0
 4354,2019/05/20,16:20:31,25,0,0,0
 4355,2019/05/20,16:21:11,26,0,0,0
 4356,2019/05/20,16:21:52,26.1,0,0,0
 4357,2019/05/20,16:22:32,26.4,0,0,0
 4358,2019/05/20,16:23:12,25,0,0,0
 4359,2019/05/20,16:23:53,25.5,0,0,0
 4360,2019/05/20,16:24:33,26,0,0,0
 4361,2019/05/20,16:25:14,26,0,0,0
 4362,2019/05/20,16:25:54,26,0,0,0
 4363,2019/05/20,16:26:34,25.2,0,0,0
 4364,2019/05/20,16:27:15,24.9,0,0,0
 4365,2019/05/20,16:27:55,24.9,0,0,0
 4366,2019/05/20,16:28:35,25,0,0,0
 4367,2019/05/20,16:29:16,25,0,0,0
 4368,2019/05/20,16:29:56,25,0,0,0
 4369,2019/05/20,16:30:37,25,0,0,0
 4370,2019/05/20,16:31:17,24.1,0,0,0
 4371,2019/05/20,16:31:57,24,0,0,0
 4372,2019/05/20,16:32:38,23.4,0,0,0
 4373,2019/05/20,16:33:18,23,0,0,0
 4374,2019/05/20,16:33:58,24.4,0,0,0
 4375,2019/05/20,16:34:39,25,0,0,0
 4376,2019/05/20,16:35:19,25.5,0,0,0
 4377,2019/05/20,16:36:00,25.3,0,0,0
 4378,2019/05/20,16:36:40,25,0,0,0
 4379,2019/05/20,16:37:20,24.8,0,0,0
 4380,2019/05/20,16:38:01,24.5,0,0,0
 4381,2019/05/20,16:38:41,24,0,0,0
 4382,2019/05/20,16:39:22,24,0,0,0
 4383,2019/05/20,16:40:02,24.4,0,0,0
 4384,2019/05/20,16:40:42,25,0,0,0
 4385,2019/05/20,16:41:23,24.4,0,0,0
 4386,2019/05/20,16:42:03,24,0,0,0
 4387,2019/05/20,16:42:43,23.9,0,0,0
 4388,2019/05/20,16:43:24,24,0,0,0
 4389,2019/05/20,16:44:04,24.9,0,0,0
 4390,2019/05/20,16:44:45,25,0,0,0
 4391,2019/05/20,16:45:25,26,0,0,0
 4392,2019/05/20,16:46:05,25.8,0,0,0
 4393,2019/05/20,16:46:46,25,0,0,0
 4394,2019/05/20,16:47:26,24.6,0,0,0
 4395,2019/05/20,16:48:06,24,0,0,0
 4396,2019/05/20,16:48:47,24.5,0,0,0
 4397,2019/05/20,16:49:27,25.5,0,0,0
 4398,2019/05/20,16:50:08,26,0,0,0
 4399,2019/05/20,16:50:48,25.4,0,0,0
 4400,2019/05/20,16:51:28,24.2,0,0,0
 4401,2019/05/20,16:52:09,24,0,0,0
 4402,2019/05/20,16:52:49,24.4,0,0,0
 4403,2019/05/20,16:53:29,24.5,0,0,0
 4404,2019/05/20,16:54:10,25,0,0,0
 4405,2019/05/20,16:54:50,24.8,0,0,0
 4406,2019/05/20,16:55:31,24.1,0,0,0
 4407,2019/05/20,16:56:11,24.6,0,0,0
 4408,2019/05/20,16:56:51,24,0,0,0
 4409,2019/05/20,16:57:32,23.5,0,0,0
 4410,2019/05/20,16:58:12,23,0,0,0
 4411,2019/05/20,16:58:53,23,0,0,0
 4412,2019/05/20,16:59:33,23.1,0,0,0
 4413,2019/05/20,17:00:13,24.7,0,0,0
 4414,2019/05/20,17:00:54,24.3,0,0,0
 4415,2019/05/20,17:01:34,25.2,0,0,0
 4416,2019/05/20,17:02:14,25.2,0,0,0
 4417,2019/05/20,17:02:55,25,0,0,0
 4418,2019/05/20,17:03:35,25.2,0,0,0
 4419,2019/05/20,17:04:16,25,0,0,0
 4420,2019/05/20,17:04:56,24.6,0,0,0
 4421,2019/05/20,17:05:36,23.5,0,0,0
 4422,2019/05/20,17:06:17,23.9,0,0,0
 4423,2019/05/20,17:06:57,24,0,0,0
 4424,2019/05/20,17:07:38,24.6,0,0,0
 4425,2019/05/20,17:08:18,24.5,0,0,0
 4426,2019/05/20,17:08:58,25.8,0,0,0
 4427,2019/05/20,17:09:39,25.5,0,0,0
 4428,2019/05/20,17:10:19,26.6,0,0,0
 4429,2019/05/20,17:11:00,26.8,0,0,0
 4430,2019/05/20,17:11:40,26.8,0,0,0
 4431,2019/05/20,17:12:20,26.4,0,0,0
 4432,2019/05/20,17:13:01,25,0,0,0
 4433,2019/05/20,17:13:41,24.6,0,0,0
 4434,2019/05/20,17:14:21,25,0,0,0
 4435,2019/05/20,17:15:02,25.1,0,0,0
 4436,2019/05/20,17:15:42,25.5,0,0,0
 4437,2019/05/20,17:16:23,25.3,0,0,0
 4438,2019/05/20,17:17:03,25,0,0,0
 4439,2019/05/20,17:17:43,24.1,0,0,0
 4440,2019/05/20,17:18:24,24,0,0,0
 4441,2019/05/20,17:19:04,25.9,0,0,0
 4442,2019/05/20,17:19:44,25.2,0,0,0
 4443,2019/05/20,17:20:25,26,0,0,0
 4444,2019/05/20,17:21:05,25.1,0,0,0
 4445,2019/05/20,17:21:46,24,0,0,0
 4446,2019/05/20,17:22:26,23.5,0,0,0
 4447,2019/05/20,17:23:06,22.7,0,0,0
 4448,2019/05/20,17:23:47,21.6,0,0,0
 4449,2019/05/20,17:24:27,21.5,0,0,0
 4450,2019/05/20,17:25:08,20.2,0,0,0
 4451,2019/05/20,17:25:48,20,0,0,0
 4452,2019/05/20,17:26:28,20.9,0,0,0
 4453,2019/05/20,17:27:09,21,0,0,0
 4454,2019/05/20,17:27:49,21.5,0,0,0
 4455,2019/05/20,17:28:29,21.1,0,0,0
 4456,2019/05/20,17:29:10,20,0,0,0
 4457,2019/05/20,17:29:50,20,0,0,0
 4458,2019/05/20,17:30:31,20,0,0,0
 4459,2019/05/20,17:31:11,20.5,0,0,0
 4460,2019/05/20,17:31:51,21,0,0,0
 4461,2019/05/20,17:32:32,21.6,0,0,0
 4462,2019/05/20,17:33:12,22,0,0,0
 4463,2019/05/20,17:33:53,22.8,0,0,0
 4464,2019/05/20,17:34:33,23.5,0,0,0
 4465,2019/05/20,17:35:13,24,0,0,0
 4466,2019/05/20,17:35:54,23.9,0,0,0
 4467,2019/05/20,17:36:34,23.2,0,0,0
 4468,2019/05/20,17:37:14,23,0,0,0
 4469,2019/05/20,17:37:55,22,0,0,0
 4470,2019/05/20,17:38:35,21.6,0,0,0
 4471,2019/05/20,17:39:16,21,0,0,0
 4472,2019/05/20,17:39:56,21.6,0,0,0
 4473,2019/05/20,17:40:36,22.4,0,0,0
 4474,2019/05/20,17:41:17,21.4,0,0,0
 4475,2019/05/20,17:41:57,21,0,0,0
 4476,2019/05/20,17:42:38,20.8,0,0,0
 4477,2019/05/20,17:43:18,21,0,0,0
 4478,2019/05/20,17:43:58,21.3,0,0,0
 4479,2019/05/20,17:44:39,22,0,0,0
 4480,2019/05/20,17:45:19,21.5,0,0,0
 4481,2019/05/20,17:45:59,21.2,0,0,0
 4482,2019/05/20,17:46:40,20,0,0,0
 4483,2019/05/20,17:47:20,19.4,0,0,0
 4484,2019/05/20,17:48:01,19,0,0,0
 4485,2019/05/20,17:48:41,19,0,0,0
 4486,2019/05/20,17:49:21,19,0,0,0
 4487,2019/05/20,17:50:02,19.7,0,0,0
 4488,2019/05/20,17:50:42,19.7,0,0,0
 4489,2019/05/20,17:51:23,18.1,0,0,0
 4490,2019/05/20,17:52:03,17.9,0,0,0
 4491,2019/05/20,17:52:43,16,0,0,0
 4492,2019/05/20,17:53:24,16.2,0,0,0
 4493,2019/05/20,17:54:04,17,0,0,0
 4494,2019/05/20,17:54:44,17,0,0,0
 4495,2019/05/20,17:55:25,17.2,0,0,0
 4496,2019/05/20,17:56:05,18,0,0,0
 4497,2019/05/20,17:56:46,17.1,0,0,0
 4498,2019/05/20,17:57:26,17,0,0,0
 4499,2019/05/20,17:58:06,17,0,0,0
 4500,2019/05/20,17:58:47,16.2,0,0,0
 4501,2019/05/20,17:59:27,16.5,0,0,0
 4502,2019/05/20,18:00:08,16,0,0,0
 4503,2019/05/20,18:00:48,16,0,0,0
 4504,2019/05/20,18:01:28,16,0,0,0
 4505,2019/05/20,18:02:09,16.2,0,0,0
 4506,2019/05/20,18:02:49,17,0,0,0
 4507,2019/05/20,18:03:30,17.4,0,0,0
 4508,2019/05/20,18:04:10,18,0,0,0
 4509,2019/05/20,18:04:50,18.5,0,0,0
 4510,2019/05/20,18:05:31,18.4,0,0,0
 4511,2019/05/20,18:06:11,18.5,0,0,0
 4512,2019/05/20,18:06:51,18,0,0,0
 4513,2019/05/20,18:07:32,18,0,0,0
 4514,2019/05/20,18:08:12,18.2,0,0,0
 4515,2019/05/20,18:08:53,19,0,0,0
 4516,2019/05/20,18:09:33,19,0,0,0
 4517,2019/05/20,18:10:13,19,0,0,0
 4518,2019/05/20,18:10:54,18.7,0,0,0
 4519,2019/05/20,18:11:34,18,0,0,0
 4520,2019/05/20,18:12:15,17.5,0,0,0
 4521,2019/05/20,18:12:55,16.8,0,0,0
 4522,2019/05/20,18:13:35,16.6,0,0,0
 4523,2019/05/20,18:14:16,17,0,0,0
 4524,2019/05/20,18:14:56,17.8,0,0,0
 4525,2019/05/20,18:15:36,18,0,0,0
 4526,2019/05/20,18:16:17,18.4,0,0,0
 4527,2019/05/20,18:16:57,18,0,0,0
 4528,2019/05/20,18:17:38,18.4,0,0,0
 4529,2019/05/20,18:18:18,18.2,0,0,0
 4530,2019/05/20,18:18:58,19,0,0,0
 4531,2019/05/20,18:19:39,18.7,0,0,0
 4532,2019/05/20,18:20:19,18,0,0,0
 4533,2019/05/20,18:21:00,17.5,0,0,0
 4534,2019/05/20,18:21:40,17,0,0,0
 4535,2019/05/20,18:22:20,17,0,0,0
 4536,2019/05/20,18:23:01,17,0,0,0
 4537,2019/05/20,18:23:41,17.8,0,0,0
 4538,2019/05/20,18:24:22,18,0,0,0
 4539,2019/05/20,18:25:02,19.9,0,0,0
 4540,2019/05/20,18:25:42,20.1,0,0,0
 4541,2019/05/20,18:26:23,20.7,0,0,0
 4542,2019/05/20,18:27:03,20,0,0,0
 4543,2019/05/20,18:27:43,20,0,0,0
 4544,2019/05/20,18:28:24,20.5,0,0,0
 4545,2019/05/20,18:29:04,20,0,0,0
 4546,2019/05/20,18:29:45,19.4,0,0,0
 4547,2019/05/20,18:30:25,19,0,0,0
 4548,2019/05/20,18:31:05,18.3,0,0,0
 4549,2019/05/20,18:31:46,18,0,0,0
 4550,2019/05/20,18:32:26,17.9,0,0,0
 4551,2019/05/20,18:33:07,19,0,0,0
 4552,2019/05/20,18:33:47,19.8,0,0,0
 4553,2019/05/20,18:34:27,19.9,0,0,0
 4554,2019/05/20,18:35:08,18,0,0,0
 4555,2019/05/20,18:35:48,18.2,0,0,0
 4556,2019/05/20,18:36:28,19,0,0,0
 4557,2019/05/20,18:37:09,19.4,0,0,0
 4558,2019/05/20,18:37:49,20,0,0,0
 4559,2019/05/20,18:38:30,18.8,0,0,0
 4560,2019/05/20,18:39:10,18,0,0,0
 4561,2019/05/20,18:39:50,17.3,0,0,0
 4562,2019/05/20,18:40:31,17,0,0,0
 4563,2019/05/20,18:41:11,18.7,0,0,0
 4564,2019/05/20,18:41:52,19,0,0,0
 4565,2019/05/20,18:42:32,19,0,0,0
 4566,2019/05/20,18:43:12,18.8,0,0,0
 4567,2019/05/20,18:43:53,17.4,0,0,0
 4568,2019/05/20,18:44:33,17,0,0,0
 4569,2019/05/20,18:45:14,17,0,0,0
 4570,2019/05/20,18:45:54,17,0,0,0
 4571,2019/05/20,18:46:34,17.3,0,0,0
 4572,2019/05/20,18:47:15,18,0,0,0
 4573,2019/05/20,18:47:56,18,0,0,0
 4574,2019/05/20,18:48:36,18,0,0,0
 4575,2019/05/20,18:49:16,18,0,0,0
 4576,2019/05/20,18:49:57,18,0,0,0
 4577,2019/05/20,18:50:37,18,0,0,0
 4578,2019/05/20,18:51:18,18.7,0,0,0
 4579,2019/05/20,18:51:58,19.2,0,0,0
 4580,2019/05/20,18:52:38,20,0,0,0
 4581,2019/05/20,18:53:19,19.8,0,0,0
 4582,2019/05/20,18:53:59,19,0,0,0
 4583,2019/05/20,18:54:40,18.7,0,0,0
 4584,2019/05/20,18:55:20,18,0,0,0
 4585,2019/05/20,18:56:00,18.6,0,0,0
 4586,2019/05/20,18:56:41,19.3,0,0,0
 4587,2019/05/20,18:57:21,20,0,0,0
 4588,2019/05/20,18:58:01,20,0,0,0
 4589,2019/05/20,18:58:42,19.5,0,0,0
 4590,2019/05/20,18:59:22,19.5,0,0,0
 4591,2019/05/20,19:00:03,20,0,0,0
 4592,2019/05/20,19:00:43,19.8,0,0,0
 4593,2019/05/20,19:01:23,19.7,0,0,0
 4594,2019/05/20,19:02:04,19.3,0,0,0
 4595,2019/05/20,19:02:44,19,0,0,0
 4596,2019/05/20,19:03:24,20.1,0,0,0
 4597,2019/05/20,19:04:05,21,0,0,0
 4598,2019/05/20,19:04:45,20.3,0,0,0
 4599,2019/05/20,19:05:26,19.5,0,0,0
 4600,2019/05/20,19:06:06,19.2,0,0,0
 4601,2019/05/20,19:06:46,20,0,0,0
 4602,2019/05/20,19:07:27,20,0,0,0
 4603,2019/05/20,19:08:07,20.5,0,0,0
 4604,2019/05/20,19:08:48,20,0,0,0
 4605,2019/05/20,19:09:28,20.3,0,0,0
 4606,2019/05/20,19:10:08,21,0,0,0
 4607,2019/05/20,19:10:49,20.7,0,0,0
 4608,2019/05/20,19:11:29,20.5,0,0,0
 4609,2019/05/20,19:12:09,20.8,0,0,0
 4610,2019/05/20,19:12:50,20.1,0,0,0
 4611,2019/05/20,19:13:30,20.9,0,0,0
 4612,2019/05/20,19:14:11,21,0,0,0
 4613,2019/05/20,19:14:51,21.3,0,0,0
 4614,2019/05/20,19:15:31,21,0,0,0
 4615,2019/05/20,19:16:12,21,0,0,0
 4616,2019/05/20,19:16:52,21.2,0,0,0
 4617,2019/05/20,19:17:32,21.7,0,0,0
 4618,2019/05/20,19:18:13,21,0,0,0
 4619,2019/05/20,19:18:53,21,0,0,0
 4620,2019/05/20,19:19:34,21.5,0,0,0
 4621,2019/05/20,19:20:14,22,0,0,0
 4622,2019/05/20,19:20:54,22,0,0,0
 4623,2019/05/20,19:21:35,22,0,0,0
 4624,2019/05/20,19:22:15,20.4,0,0,0
 4625,2019/05/20,19:22:56,20,0,0,0
 4626,2019/05/20,19:23:36,20,0,0,0
 4627,2019/05/20,19:24:16,19.5,0,0,0
 4628,2019/05/20,19:24:57,20,0,0,0
 4629,2019/05/20,19:25:37,20.2,0,0,0
 4630,2019/05/20,19:26:17,21,0,0,0
 4631,2019/05/20,19:26:58,21.1,0,0,0
 4632,2019/05/20,19:27:38,21,0,0,0
 4633,2019/05/20,19:28:19,21,0,0,0
 4634,2019/05/20,19:28:59,21,0,0,0
 4635,2019/05/20,19:29:39,21,0,0,0
 4636,2019/05/20,19:30:20,21,0,0,0
 4637,2019/05/20,19:31:00,19.1,0,0,0
 4638,2019/05/20,19:31:40,20.5,0,0,0
 4639,2019/05/20,19:32:21,21.6,0,0,0
 4640,2019/05/20,19:33:01,22.1,0,0,0
 4641,2019/05/20,19:33:42,23,0,0,0
 4642,2019/05/20,19:34:22,22.3,0,0,0
 4643,2019/05/20,19:35:02,22,0,0,0
 4644,2019/05/20,19:35:43,21.3,0,0,0
 4645,2019/05/20,19:36:23,20,0,0,0
 4646,2019/05/20,19:37:03,20.9,0,0,0
 4647,2019/05/20,19:37:44,21,0,0,0
 4648,2019/05/20,19:38:24,22.3,0,0,0
 4649,2019/05/20,19:39:05,23,0,0,0
 4650,2019/05/20,19:39:45,22.2,0,0,0
 4651,2019/05/20,19:40:25,22,0,0,0
 4652,2019/05/20,19:41:06,21,0,0,0
 4653,2019/05/20,19:41:46,21.4,0,0,0
 4654,2019/05/20,19:42:27,20,0,0,0
 4655,2019/05/20,19:43:07,20.2,0,0,0
 4656,2019/05/20,19:43:47,21,0,0,0
 4657,2019/05/20,19:44:28,21.4,0,0,0
 4658,2019/05/20,19:45:08,22,0,0,0
 4659,2019/05/20,19:45:48,22,0,0,0
 4660,2019/05/20,19:46:29,22,0,0,0
 4661,2019/05/20,19:47:09,22.6,0,0,0
 4662,2019/05/20,19:47:50,23.4,0,0,0
 4663,2019/05/20,19:48:30,23.2,0,0,0
 4664,2019/05/20,19:49:10,23,0,0,0
 4665,2019/05/20,19:49:51,21.1,0,0,0
 4666,2019/05/20,19:50:31,20.8,0,0,0
 4667,2019/05/20,19:51:11,19,0,0,0
 4668,2019/05/20,19:51:52,19.2,0,0,0
 4669,2019/05/20,19:52:32,20,0,0,0
 4670,2019/05/20,19:53:13,20.7,0,0,0
 4671,2019/05/20,19:53:53,21,0,0,0
 4672,2019/05/20,19:54:33,19.9,0,0,0
 4673,2019/05/20,19:55:14,18.9,0,0,0
 4674,2019/05/20,19:55:54,18,0,0,0
 4675,2019/05/20,19:56:35,18,0,0,0
 4676,2019/05/20,19:57:15,18.8,0,0,0
 4677,2019/05/20,19:57:55,19,0,0,0
 4678,2019/05/20,19:58:36,20,0,0,0
 4679,2019/05/20,19:59:16,20,0,0,0
 4680,2019/05/20,19:59:56,20,0,0,0
 4681,2019/05/20,20:00:37,20.1,0,0,0
 4682,2019/05/20,20:01:17,21,0,0,0
 4683,2019/05/20,20:01:58,20.2,0,0,0
 4684,2019/05/20,20:02:38,20,0,0,0
 4685,2019/05/20,20:03:18,19,0,0,0
 4686,2019/05/20,20:03:59,18.5,0,0,0
 4687,2019/05/20,20:04:39,19.7,0,0,0
 4688,2019/05/20,20:05:19,19.2,0,0,0
 4689,2019/05/20,20:06:00,19,0,0,0
 4690,2019/05/20,20:06:40,18.9,0,0,0
 4691,2019/05/20,20:07:21,18,0,0,0
 4692,2019/05/20,20:08:01,18,0,0,0
 4693,2019/05/20,20:08:41,18,0,0,0
 4694,2019/05/20,20:09:22,18.2,0,0,0
 4695,2019/05/20,20:10:02,18.5,0,0,0
 4696,2019/05/20,20:10:43,19.5,0,0,0
 4697,2019/05/20,20:11:23,20.5,0,0,0
 4698,2019/05/20,20:12:03,20,0,0,0
 4699,2019/05/20,20:12:44,19.1,0,0,0
 4700,2019/05/20,20:13:24,17.4,0,0,0
 4701,2019/05/20,20:14:04,16,0,0,0
 4702,2019/05/20,20:14:45,15.6,0,0,0
 4703,2019/05/20,20:15:25,16,0,0,0
 4704,2019/05/20,20:16:06,16,0,0,0
 4705,2019/05/20,20:16:46,16.2,0,0,0
 4706,2019/05/20,20:17:26,16.2,0,0,0
 4707,2019/05/20,20:18:07,16.8,0,0,0
 4708,2019/05/20,20:18:47,17,0,0,0
 4709,2019/05/20,20:19:27,17,0,0,0
 4710,2019/05/20,20:20:08,18,0,0,0
 4711,2019/05/20,20:20:48,17.2,0,0,0
 4712,2019/05/20,20:21:29,16,0,0,0
 4713,2019/05/20,20:22:09,16,0,0,0
 4714,2019/05/20,20:22:49,16,0,0,0
 4715,2019/05/20,20:23:30,16,0,0,0
 4716,2019/05/20,20:24:10,15.8,0,0,0
 4717,2019/05/20,20:24:51,15,0,0,0
 4718,2019/05/20,20:25:31,15.5,0,0,0
 4719,2019/05/20,20:26:11,15,0,0,0
 4720,2019/05/20,20:26:52,15,0,0,0
 4721,2019/05/20,20:27:32,15,0,0,0
 4722,2019/05/20,20:28:12,15,0,0,0
 4723,2019/05/20,20:28:53,15.7,0,0,0
 4724,2019/05/20,20:29:33,16,0,0,0
 4725,2019/05/20,20:30:14,16,0,0,0
 4726,2019/05/20,20:30:54,16,0,0,0
 4727,2019/05/20,20:31:34,16,0,0,0
 4728,2019/05/20,20:32:15,17,0,0,0
 4729,2019/05/20,20:32:55,16.2,0,0,0
 4730,2019/05/20,20:33:36,17,0,0,0
 4731,2019/05/20,20:34:16,16.5,0,0,0
 4732,2019/05/20,20:34:56,15.6,0,0,0
 4733,2019/05/20,20:35:37,16,0,0,0
 4734,2019/05/20,20:36:17,16,0,0,0
 4735,2019/05/20,20:36:57,16,0,0,0
 4736,2019/05/20,20:37:38,15.6,0,0,0
 4737,2019/05/20,20:38:18,15.1,0,0,0
 4738,2019/05/20,20:38:59,15,0,0,0
 4739,2019/05/20,20:39:39,16.8,0,0,0
 4740,2019/05/20,20:40:19,16.6,0,0,0
 4741,2019/05/20,20:41:00,17.5,0,0,0
 4742,2019/05/20,20:41:40,16.8,0,0,0
 4743,2019/05/20,20:42:20,15.3,0,0,0
 4744,2019/05/20,20:43:01,15.2,0,0,0
 4745,2019/05/20,20:43:41,15,0,0,0
 4746,2019/05/20,20:44:22,15.3,0,0,0
 4747,2019/05/20,20:45:02,15,0,0,0
 4748,2019/05/20,20:45:42,15.7,0,0,0
 4749,2019/05/20,20:46:23,15.9,0,0,0
 4750,2019/05/20,20:47:03,15.8,0,0,0
 4751,2019/05/20,20:47:44,16,0,0,0
 4752,2019/05/20,20:48:24,15,0,0,0
 4753,2019/05/20,20:49:04,15,0,0,0
 4754,2019/05/20,20:49:45,15,0,0,0
 4755,2019/05/20,20:50:25,15,0,0,0
 4756,2019/05/20,20:51:06,15,0,0,0
 4757,2019/05/20,20:51:46,14.6,0,0,0
 4758,2019/05/20,20:52:26,15,0,0,0
 4759,2019/05/20,20:53:07,15,0,0,0
 4760,2019/05/20,20:53:47,15,0,0,0
 4761,2019/05/20,20:54:28,15,0,0,0
 4762,2019/05/20,20:55:08,15,0,0,0
 4763,2019/05/20,20:55:48,15.9,0,0,0
 4764,2019/05/20,20:56:29,16,0,0,0
 4765,2019/05/20,20:57:09,17,0,0,0
 4766,2019/05/20,20:57:49,17,0,0,0
 4767,2019/05/20,20:58:30,18,0,0,0
 4768,2019/05/20,20:59:10,17.3,0,0,0
 4769,2019/05/20,20:59:51,16,0,0,0
 4770,2019/05/20,21:00:31,15.5,0,0,0
 4771,2019/05/20,21:01:11,14.2,0,0,0
 4772,2019/05/20,21:01:52,15.3,0,0,0
 4773,2019/05/20,21:02:32,16,0,0,0
 4774,2019/05/20,21:03:13,16,0,0,0
 4775,2019/05/20,21:03:53,16,0,0,0
 4776,2019/05/20,21:04:33,14.1,0,0,0
 4777,2019/05/20,21:05:14,14,0,0,0
 4778,2019/05/20,21:05:54,14,0,0,0
 4779,2019/05/20,21:06:34,14.2,0,0,0
 4780,2019/05/20,21:07:15,15,0,0,0
 4781,2019/05/20,21:07:55,15.4,0,0,0
 4782,2019/05/20,21:08:36,16,0,0,0
 4783,2019/05/20,21:09:16,15.5,0,0,0
 4784,2019/05/20,21:09:56,15.4,0,0,0
 4785,2019/05/20,21:10:37,16,0,0,0
 4786,2019/05/20,21:11:17,15.5,0,0,0
 4787,2019/05/20,21:11:58,15.7,0,0,0
 4788,2019/05/20,21:12:38,15.4,0,0,0
 4789,2019/05/20,21:13:18,15,0,0,0
 4790,2019/05/20,21:13:59,15.1,0,0,0
 4791,2019/05/20,21:14:39,15.1,0,0,0
 4792,2019/05/20,21:15:20,15.3,0,0,0
 4793,2019/05/20,21:16:00,16,0,0,0
 4794,2019/05/20,21:16:40,16,0,0,0
 4795,2019/05/20,21:17:21,15,0,0,0
 4796,2019/05/20,21:18:01,15.4,0,0,0
 4797,2019/05/20,21:18:41,15.1,0,0,0
 4798,2019/05/20,21:19:22,16.7,0,0,0
 4799,2019/05/20,21:20:02,17,0,0,0
 4800,2019/05/20,21:20:43,16.1,0,0,0
 4801,2019/05/20,21:21:23,15.6,0,0,0
 4802,2019/05/20,21:22:03,14,0,0,0
 4803,2019/05/20,21:22:44,14.2,0,0,0
 4804,2019/05/20,21:23:24,15,0,0,0
 4805,2019/05/20,21:24:04,15,0,0,0
 4806,2019/05/20,21:24:45,15.5,0,0,0
 4807,2019/05/20,21:25:25,15.5,0,0,0
 4808,2019/05/20,21:26:06,15.3,0,0,0
 4809,2019/05/20,21:26:46,15.7,0,0,0
 4810,2019/05/20,21:27:26,16,0,0,0
 4811,2019/05/20,21:28:07,16,0,0,0
 4812,2019/05/20,21:28:47,16,0,0,0
 4813,2019/05/20,21:29:28,15,0,0,0
 4814,2019/05/20,21:30:08,15,0,0,0
 4815,2019/05/20,21:30:48,15,0,0,0
 4816,2019/05/20,21:31:29,15.2,0,0,0
 4817,2019/05/20,21:32:09,16,0,0,0
 4818,2019/05/20,21:32:49,16.3,0,0,0
 4819,2019/05/20,21:33:30,16,0,0,0
 4820,2019/05/20,21:34:10,16,0,0,0
 4821,2019/05/20,21:34:51,16,0,0,0
 4822,2019/05/20,21:35:31,16.7,0,0,0
 4823,2019/05/20,21:36:11,16.5,0,0,0
 4824,2019/05/20,21:36:52,16,0,0,0
 4825,2019/05/20,21:37:32,16,0,0,0
 4826,2019/05/20,21:38:12,16.7,0,0,0
 4827,2019/05/20,21:38:53,17.2,0,0,0
 4828,2019/05/20,21:39:33,17,0,0,0
 4829,2019/05/20,21:40:14,16.7,0,0,0
 4830,2019/05/20,21:40:54,16.5,0,0,0
 4831,2019/05/20,21:41:34,15.6,0,0,0
 4832,2019/05/20,21:42:15,15,0,0,0
 4833,2019/05/20,21:42:55,15.2,0,0,0
 4834,2019/05/20,21:43:36,15.3,0,0,0
 4835,2019/05/20,21:44:16,16.7,0,0,0
 4836,2019/05/20,21:44:56,17,0,0,0
 4837,2019/05/20,21:45:37,15.8,0,0,0
 4838,2019/05/20,21:46:17,15,0,0,0
 4839,2019/05/20,21:46:57,16,0,0,0
 4840,2019/05/20,21:47:38,16,0,0,0
 4841,2019/05/20,21:48:18,16,0,0,0
 4842,2019/05/20,21:48:59,15.7,0,0,0
 4843,2019/05/20,21:49:39,15.5,0,0,0
 4844,2019/05/20,21:50:19,15.7,0,0,0
 4845,2019/05/20,21:51:00,16,0,0,0
 4846,2019/05/20,21:51:40,16,0,0,0
 4847,2019/05/20,21:52:21,16,0,0,0
 4848,2019/05/20,21:53:01,16,0,0,0
 4849,2019/05/20,21:53:41,16,0,0,0
 4850,2019/05/20,21:54:22,15.1,0,0,0
 4851,2019/05/20,21:55:02,14.4,0,0,0
 4852,2019/05/20,21:55:43,16,0,0,0
 4853,2019/05/20,21:56:23,16.9,0,0,0
 4854,2019/05/20,21:57:03,18,0,0,0
 4855,2019/05/20,21:57:44,17.6,0,0,0
 4856,2019/05/20,21:58:24,17,0,0,0
 4857,2019/05/20,21:59:04,17,0,0,0
 4858,2019/05/20,21:59:45,17,0,0,0
 4859,2019/05/20,22:00:25,16.8,0,0,0
 4860,2019/05/20,22:01:06,16.7,0,0,0
 4861,2019/05/20,22:01:46,17.7,0,0,0
 4862,2019/05/20,22:02:26,17.7,0,0,0
 4863,2019/05/20,22:03:07,17.3,0,0,0
 4864,2019/05/20,22:03:47,17.1,0,0,0
 4865,2019/05/20,22:04:27,17,0,0,0
 4866,2019/05/20,22:05:08,16.9,0,0,0
 4867,2019/05/20,22:05:48,15.9,0,0,0
 4868,2019/05/20,22:06:29,15.4,0,0,0
 4869,2019/05/20,22:07:09,16,0,0,0
 4870,2019/05/20,22:07:49,16,0,0,0
 4871,2019/05/20,22:08:30,16,0,0,0
 4872,2019/05/20,22:09:10,16,0,0,0
 4873,2019/05/20,22:09:51,16,0,0,0
 4874,2019/05/20,22:10:31,16.8,0,0,0
 4875,2019/05/20,22:11:11,17,0,0,0
 4876,2019/05/20,22:11:52,17,0,0,0
 4877,2019/05/20,22:12:32,17,0,0,0
 4878,2019/05/20,22:13:12,17,0,0,0
 4879,2019/05/20,22:13:53,16.7,0,0,0
 4880,2019/05/20,22:14:33,16,0,0,0
 4881,2019/05/20,22:15:14,16,0,0,0
 4882,2019/05/20,22:15:54,16,0,0,0
 4883,2019/05/20,22:16:34,16.5,0,0,0
 4884,2019/05/20,22:17:15,17,0,0,0
 4885,2019/05/20,22:17:55,17.7,0,0,0
 4886,2019/05/20,22:18:36,18,0,0,0
 4887,2019/05/20,22:19:16,17.1,0,0,0
 4888,2019/05/20,22:19:56,17,0,0,0
 4889,2019/05/20,22:20:37,16,0,0,0
 4890,2019/05/20,22:21:17,16.1,0,0,0
 4891,2019/05/20,22:21:57,17,0,0,0
 4892,2019/05/20,22:22:38,17,0,0,0
 4893,2019/05/20,22:23:18,17,0,0,0
 4894,2019/05/20,22:23:59,16.7,0,0,0
 4895,2019/05/20,22:24:39,16,0,0,0
 4896,2019/05/20,22:25:19,16.6,0,0,0
 4897,2019/05/20,22:26:00,17,0,0,0
 4898,2019/05/20,22:26:40,17,0,0,0
 4899,2019/05/20,22:27:21,17,0,0,0
 4900,2019/05/20,22:28:01,15.7,0,0,0
 4901,2019/05/20,22:28:41,16,0,0,0
 4902,2019/05/20,22:29:22,16,0,0,0
 4903,2019/05/20,22:30:02,16,0,0,0
 4904,2019/05/20,22:30:42,16,0,0,0
 4905,2019/05/20,22:31:23,16,0,0,0
 4906,2019/05/20,22:32:03,16,0,0,0
 4907,2019/05/20,22:32:44,15.7,0,0,0
 4908,2019/05/20,22:33:24,16,0,0,0
 4909,2019/05/20,22:34:04,16,0,0,0
 4910,2019/05/20,22:34:45,16,0,0,0
 4911,2019/05/20,22:35:25,16,0,0,0
 4912,2019/05/20,22:36:06,16,0,0,0
 4913,2019/05/20,22:36:46,16.2,0,0,0
 4914,2019/05/20,22:37:26,16.4,0,0,0
 4915,2019/05/20,22:38:07,17,0,0,0
 4916,2019/05/20,22:38:47,16.2,0,0,0
 4917,2019/05/20,22:39:27,16,0,0,0
 4918,2019/05/20,22:40:08,15.6,0,0,0
 4919,2019/05/20,22:40:48,16,0,0,0
 4920,2019/05/20,22:41:29,16,0,0,0
 4921,2019/05/20,22:42:09,16,0,0,0
 4922,2019/05/20,22:42:49,15.3,0,0,0
 4923,2019/05/20,22:43:30,15,0,0,0
 4924,2019/05/20,22:44:10,14.9,0,0,0
 4925,2019/05/20,22:44:51,15,0,0,0
 4926,2019/05/20,22:45:31,15.3,0,0,0
 4927,2019/05/20,22:46:11,16,0,0,0
 4928,2019/05/20,22:46:52,16,0,0,0
 4929,2019/05/20,22:47:32,15.7,0,0,0
 4930,2019/05/20,22:48:12,14.4,0,0,0
 4931,2019/05/20,22:48:53,14.1,0,0,0
 4932,2019/05/20,22:49:33,14,0,0,0
 4933,2019/05/20,22:50:14,14.2,0,0,0
 4934,2019/05/20,22:50:54,14.5,0,0,0
 4935,2019/05/20,22:51:34,15,0,0,0
 4936,2019/05/20,22:52:15,15,0,0,0
 4937,2019/05/20,22:52:55,15.9,0,0,0
 4938,2019/05/20,22:53:36,17,0,0,0
 4939,2019/05/20,22:54:16,18,0,0,0
 4940,2019/05/20,22:54:56,17.8,0,0,0
 4941,2019/05/20,22:55:37,16.3,0,0,0
 4942,2019/05/20,22:56:17,15.4,0,0,0
 4943,2019/05/20,22:56:57,14.4,0,0,0
 4944,2019/05/20,22:57:38,15,0,0,0
 4945,2019/05/20,22:58:18,16,0,0,0
 4946,2019/05/20,22:58:59,16,0,0,0
 4947,2019/05/20,22:59:39,16,0,0,0
 4948,2019/05/20,23:00:19,16,0,0,0
 4949,2019/05/20,23:01:00,16,0,0,0
 4950,2019/05/20,23:01:40,16.9,0,0,0
 4951,2019/05/20,23:02:21,16.7,0,0,0
 4952,2019/05/20,23:03:01,17,0,0,0
 4953,2019/05/20,23:03:41,16.6,0,0,0
 4954,2019/05/20,23:04:22,15,0,0,0
 4955,2019/05/20,23:05:02,15,0,0,0
 4956,2019/05/20,23:05:42,15,0,0,0
 4957,2019/05/20,23:06:23,15,0,0,0
 4958,2019/05/20,23:07:03,15,0,0,0
 4959,2019/05/20,23:07:44,15.4,0,0,0
 4960,2019/05/20,23:08:24,15,0,0,0
 4961,2019/05/20,23:09:04,15.8,0,0,0
 4962,2019/05/20,23:09:45,16,0,0,0
 4963,2019/05/20,23:10:25,15,0,0,0
 4964,2019/05/20,23:11:06,14.9,0,0,0
 4965,2019/05/20,23:11:46,14,0,0,0
 4966,2019/05/20,23:12:26,14.3,0,0,0
 4967,2019/05/20,23:13:07,14,0,0,0
 4968,2019/05/20,23:13:47,14,0,0,0
 4969,2019/05/20,23:14:27,14,0,0,0
 4970,2019/05/20,23:15:08,14,0,0,0
 4971,2019/05/20,23:15:48,14,0,0,0
 4972,2019/05/20,23:16:29,14,0,0,0
 4973,2019/05/20,23:17:09,14,0,0,0
 4974,2019/05/20,23:17:49,14,0,0,0
 4975,2019/05/20,23:18:30,13.4,0,0,0
 4976,2019/05/20,23:19:10,12.7,0,0,0
 4977,2019/05/20,23:19:51,12.4,0,0,0
 4978,2019/05/20,23:20:31,13,0,0,0
 4979,2019/05/20,23:21:11,12.6,0,0,0
 4980,2019/05/20,23:21:52,13,0,0,0
 4981,2019/05/20,23:22:32,13,0,0,0
 4982,2019/05/20,23:23:12,13.5,0,0,0
 4983,2019/05/20,23:23:53,13.6,0,0,0
 4984,2019/05/20,23:24:33,14,0,0,0
 4985,2019/05/20,23:25:14,13.3,0,0,0
 4986,2019/05/20,23:25:54,13,0,0,0
 4987,2019/05/20,23:26:34,12.5,0,0,0
 4988,2019/05/20,23:27:15,13,0,0,0
 4989,2019/05/20,23:27:55,12,0,0,0
 4990,2019/05/20,23:28:36,12.1,0,0,0
 4991,2019/05/20,23:29:16,13,0,0,0
 4992,2019/05/20,23:29:56,12.7,0,0,0
 4993,2019/05/20,23:30:37,12,0,0,0
 4994,2019/05/20,23:31:17,12,0,0,0
 4995,2019/05/20,23:31:57,12,0,0,0
 4996,2019/05/20,23:32:38,12.6,0,0,0
 4997,2019/05/20,23:33:18,13,0,0,0
 4998,2019/05/20,23:33:59,13,0,0,0
 4999,2019/05/20,23:34:39,13,0,0,0
 5000,2019/05/20,23:35:19,13,0,0,0
 5001,2019/05/20,23:36:00,13,0,0,0
 5002,2019/05/20,23:36:40,13.5,0,0,0
 5003,2019/05/20,23:37:21,13,0,0,0
 5004,2019/05/20,23:38:01,13,0,0,0
 5005,2019/05/20,23:38:41,12.6,0,0,0
 5006,2019/05/20,23:39:22,13,0,0,0
 5007,2019/05/20,23:40:02,12.5,0,0,0
 5008,2019/05/20,23:40:42,12.9,0,0,0
 5009,2019/05/20,23:41:23,12.3,0,0,0
 5010,2019/05/20,23:42:03,12,0,0,0
 5011,2019/05/20,23:42:44,12.6,0,0,0
 5012,2019/05/20,23:43:24,12,0,0,0
 5013,2019/05/20,23:44:04,11.8,0,0,0
 5014,2019/05/20,23:44:45,12,0,0,0
 5015,2019/05/20,23:45:25,12.3,0,0,0
 5016,2019/05/20,23:46:06,13.2,0,0,0
 5017,2019/05/20,23:46:46,14,0,0,0
 5018,2019/05/20,23:47:26,14,0,0,0
 5019,2019/05/20,23:48:07,13.9,0,0,0
 5020,2019/05/20,23:48:47,12.4,0,0,0
 5021,2019/05/20,23:49:27,12.1,0,0,0
 5022,2019/05/20,23:50:08,13,0,0,0
 5023,2019/05/20,23:50:48,13,0,0,0
 5024,2019/05/20,23:51:29,13.5,0,0,0
 5025,2019/05/20,23:52:09,13,0,0,0
 5026,2019/05/20,23:52:49,14,0,0,0
 5027,2019/05/20,23:53:30,13.5,0,0,0
 5028,2019/05/20,23:54:10,14,0,0,0
 5029,2019/05/20,23:54:51,14.3,0,0,0
 5030,2019/05/20,23:55:31,15,0,0,0
 5031,2019/05/20,23:56:11,14.5,0,0,0
 5032,2019/05/20,23:56:52,14.2,0,0,0
 5033,2019/05/20,23:57:32,13.8,0,0,0
 5034,2019/05/20,23:58:12,13,0,0,0
 5035,2019/05/20,23:58:53,13,0,0,0
 5036,2019/05/20,23:59:33,13,0,0,0
